--
-- PostgreSQL database dump
--

\restrict GPm7YrHcpb4Z00zJmhZQEu7t1vr7xf5hHrArHyKAEHIAaEBpG6yk6RzV6gGtuaH

-- Dumped from database version 18.3 (Debian 18.3-1.pgdg13+1)
-- Dumped by pg_dump version 18.3 (Debian 18.3-1.pgdg13+1)

SET statement_timeout = 0;
SET lock_timeout = 0;
SET idle_in_transaction_session_timeout = 0;
SET transaction_timeout = 0;
SET client_encoding = 'UTF8';
SET standard_conforming_strings = on;
SELECT pg_catalog.set_config('search_path', '', false);
SET check_function_bodies = false;
SET xmloption = content;
SET client_min_messages = warning;
SET row_security = off;

--
-- Data for Name: classes; Type: TABLE DATA; Schema: public; Owner: mcpserver
--

COPY public.classes (id, class_name, section, academic_year) FROM stdin;
1	7th	A	2025-2026
2	8th	A	2025-2026
\.


--
-- Data for Name: students; Type: TABLE DATA; Schema: public; Owner: mcpserver
--

COPY public.students (id, roll_number, first_name, last_name, date_of_birth, gender, parent_mail, class_id, created_at) FROM stdin;
1	7A01	Aarav	Sharma	2013-05-10	Male	aarav.sharma.parent@example.com	1	2026-02-27 13:27:29.458339
2	7A02	Diya	Verma	2013-08-21	Female	diya.verma.parent@example.com	1	2026-02-27 13:27:29.458339
3	7A03	Kabir	Singh	2013-02-14	Male	kabir.singh.parent@example.com	1	2026-02-27 13:27:29.458339
4	7A04	Meera	Joshi	2013-11-30	Female	meera.joshi.parent@example.com	1	2026-02-27 13:27:29.458339
5	7A05	Rohan	Gupta	2013-07-19	Male	rohan.gupta.parent@example.com	1	2026-02-27 13:27:29.458339
6	8B11	Vikram	Mahajan	2011-03-26	Male	vikram.mahajan.parent@example.com	2	2026-03-01 17:20:04.997179
7	8B06	Jasmine	Raina	2012-08-03	Female	jasmine.raina.parent@example.com	2	2026-03-01 17:20:04.997179
\.


--
-- Data for Name: attendance; Type: TABLE DATA; Schema: public; Owner: mcpserver
--

COPY public.attendance (id, student_id, attendance_date, status) FROM stdin;
1	1	2025-09-01	Present
2	1	2025-09-02	Present
3	1	2025-09-03	Present
4	1	2025-09-04	Present
5	1	2025-09-05	Present
6	1	2025-09-06	Present
7	1	2025-09-07	Present
8	1	2025-09-08	Present
9	1	2025-09-09	Present
10	1	2025-09-10	Absent
11	2	2025-09-01	Present
12	2	2025-09-02	Present
13	2	2025-09-03	Present
14	2	2025-09-04	Present
15	2	2025-09-05	Present
16	2	2025-09-06	Present
17	2	2025-09-07	Present
18	2	2025-09-08	Present
19	2	2025-09-09	Present
20	2	2025-09-10	Present
21	3	2025-09-01	Present
22	3	2025-09-02	Present
23	3	2025-09-03	Absent
24	3	2025-09-04	Present
25	3	2025-09-05	Absent
26	3	2025-09-06	Present
27	3	2025-09-07	Absent
28	3	2025-09-08	Present
29	3	2025-09-09	Absent
30	3	2025-09-10	Present
31	4	2025-09-01	Present
32	4	2025-09-02	Present
33	4	2025-09-03	Present
34	4	2025-09-04	Absent
35	4	2025-09-05	Present
36	4	2025-09-06	Present
37	4	2025-09-07	Present
38	4	2025-09-08	Absent
39	4	2025-09-09	Present
40	4	2025-09-10	Present
41	5	2025-09-01	Absent
42	5	2025-09-02	Present
43	5	2025-09-03	Absent
44	5	2025-09-04	Absent
45	5	2025-09-05	Present
46	5	2025-09-06	Absent
47	5	2025-09-07	Absent
48	5	2025-09-08	Present
49	5	2025-09-09	Absent
50	5	2025-09-10	Present
\.


--
-- Data for Name: departments; Type: TABLE DATA; Schema: public; Owner: mcpserver
--

COPY public.departments (id, dept_name) FROM stdin;
1	Mathematics
2	Science
3	English
4	Administration
\.


--
-- Data for Name: employees; Type: TABLE DATA; Schema: public; Owner: mcpserver
--

COPY public.employees (id, emp_id, first_name, last_name, email, emp_type, dept_id) FROM stdin;
2	EMP002	Anita	Sharma	anita.sharma@admin.school.com	admin	4
3	EMP003	Vikram	Mehta	vikram.mehta@admin.school.com	admin	4
4	EMP004	Pooja	Gupta	pooja.gupta@admin.school.com	clerk	4
5	EMP005	Suresh	Raina	suresh.raina@admin.school.com	clerk	4
6	EMP006	Amit	Singh	amit.singh@math.school.com	teacher	1
7	EMP007	Neha	Verma	neha.verma@science.school.com	teacher	2
8	EMP008	Rohit	Joshi	rohit.joshi@english.school.com	teacher	3
1	EMP001	Rajesh	Kumar	rajesh.kumar@school.com	principal	4
\.


--
-- Data for Name: exams; Type: TABLE DATA; Schema: public; Owner: mcpserver
--

COPY public.exams (id, exam_name, class_id, start_date, end_date, total_marks) FROM stdin;
1	Mid Sem	1	2025-09-15	2025-09-20	100
\.


--
-- Data for Name: procedural_memory; Type: TABLE DATA; Schema: public; Owner: mcpserver
--

COPY public.procedural_memory (id, intent, canonical_query, retrieval_text, query_examples, instruction, tool_sequence, constraints, embedding, created_at) FROM stdin;
15db4ca7-3d8d-4573-a558-acbc47c73c21	attendance.low_students	students below attendance threshold	 attendance below percentage low attendance students students under attendance threshold poor attendance students absentee students attendance less than percent get_low_attendance_students	["students below 75% attendance", "show low attendance students", "attendance under 80 percent", "who has poor attendance", "students with less attendance"]	USE STORED FUNCTION ONLY: | get_low_attendance_students(threshold) | Execution Rules: - NEVER generate raw SQL - NEVER manually calculate attendance - NEVER join attendance tables - ALWAYS use stored function | Reason: Attendance logic is centralized in backend function.	[{"args": {"threshold": "$EXTRACT_PERCENTAGE"}, "tool": "get_low_attendance_students"}]	["NO_RAW_SQL", "USE_FUNCTION_ONLY"]	[-0.050593145,-0.026404122,-0.005935754,0.05980512,-0.0059494087,0.01277541,-0.024463369,0.016068025,0.011214684,-0.028106757,-0.017563626,-0.005316518,-0.026581194,-0.05563867,0.035836097,0.03820188,0.018932125,0.0463383,-0.046696875,0.037111294,0.025531633,-0.0069259605,-0.004600208,0.032197576,0.0029076855,-0.03770278,0.04094221,-0.07785651,0.011068619,0.008154659,0.045959778,0.0054124813,0.012159794,0.06590802,0.0038025286,0.02659613,0.025382567,-0.059465617,0.06619266,-0.023513356,-0.013082807,0.10086028,-0.0026063873,0.05665706,0.03427611,-0.039065123,-0.01737397,0.017177403,0.0141750565,0.023895023,0.06174135,-0.01589828,0.018821178,0.046450827,-0.017866522,0.026589168,0.01889784,-0.03143025,-0.04293753,0.01833804,0.016215255,-0.016471509,0.028220993,0.04212214,0.032652564,0.02133058,-0.0075307135,-0.03784422,0.010407483,0.11643309,0.033507418,-0.032088865,-0.01694445,-0.07257531,0.17175132,-0.04553672,0.013078702,0.0014619316,-0.023598805,-0.03188596,-0.025207395,0.014614445,-0.039679695,-0.045529842,0.052872635,-0.04664466,-0.026042026,0.009709187,0.04649619,-0.06642618,0.035046477,-0.049188226,0.008398928,0.060690522,0.011031937,-0.008007151,-0.069876984,0.019381791,0.008883251,-0.025392774,0.077143125,0.026003271,0.05029642,0.06810631,-0.02556739,0.022308735,-0.029427135,-0.015123463,-0.02981417,0.038217083,0.08329714,0.012197789,-0.025133887,0.030600693,0.02964311,0.028359609,-0.018002132,0.0014924126,-0.006264163,0.041611154,-0.026180925,0.07500791,-0.0317401,0.059013322,0.03162906,-0.016290229,0.06707687,0.010058506,0.009067122,0.0020227956,0.021455305,0.0122439265,0.034916453,0.059265,-0.03430728,0.05861425,-0.01922574,-0.03932716,0.048228342,0.018056124,0.0040875515,-0.013478773,0.019306257,-0.012318652,0.044261023,0.023423081,-0.033370096,-0.01089931,0.011089832,-0.05562539,0.039287012,-0.007497041,-0.018342571,-0.01252397,-0.002919439,0.007554007,-0.008573972,-0.017669547,-0.013877957,-0.03989243,-0.028028637,-0.03629708,0.03635101,0.03904351,-0.0116451895,0.064291164,0.037982702,0.042648703,-0.009762114,-0.0037970813,0.022894464,-0.011572183,-0.023180006,-0.010173187,-0.011082862,-0.0032964551,0.025633205,-0.023875432,-0.0050185234,-0.0383725,-0.019259214,0.03722181,-0.009783788,0.021551892,-0.03129667,0.006290118,-0.015564442,0.059630137,-0.009909975,-0.022281148,-0.023500742,-0.052500267,0.054258153,-0.018791791,-0.0053316266,0.0069899764,0.059403453,0.04668007,0.0064170496,0.008979796,0.010908123,-0.03424225,-0.043914095,0.051142998,0.00050813163,-0.008488749,-0.0037149463,0.01913665,-0.06957448,0.046521384,-0.0061564734,-0.005113757,-0.031296995,-0.018382732,-0.0014788905,0.014995542,0.0052771964,-0.05104519,-0.023255983,-0.04300524,0.0013094482,0.0025327234,0.02962383,0.026586993,-0.039488878,-0.017192531,-0.06935397,0.002926532,-0.04007402,0.0502451,0.0066479105,0.06309462,-0.021639653,0.022190144,-0.034145236,-0.01369916,-0.007987882,-0.02279205,0.05502471,0.0027333582,-0.03218822,0.014915806,-0.036584113,0.052570764,0.025073288,-0.029252782,0.05298559,-0.054461394,0.026029635,-0.023229219,0.054219257,0.02669885,0.002796893,-0.03776832,0.004149174,0.011549876,0.0024828343,0.010512219,0.048920903,-0.034553647,-0.012017522,-0.007756195,-0.018372934,0.026982902,-0.059386205,0.00879137,-0.044771884,0.039998654,-0.095700175,-0.034450687,0.08928012,-0.028920274,-0.029875718,-0.037902188,-0.026390765,0.017104901,0.011780228,-0.024135793,0.041518368,-0.020994741,0.022472812,0.038894445,0.043598074,0.03567811,0.030443704,0.009452587,0.012611524,-0.012686532,-0.014931932,-0.02522158,-0.01485495,-0.0020453304,0.033730004,-0.015523196,0.030788545,0.04873213,-0.0135596525,-0.033730917,-0.009551129,-0.029241344,-0.050399568,0.06289906,-0.012416933,0.026218288,0.026939243,-0.026643412,0.0029164022,0.018649293,-0.0066097057,-0.007885989,-0.0010320607,-0.059192613,-0.023200497,0.010010177,0.07378506,0.020262739,0.0172079,-0.023899091,-0.031006169,-0.029929303,0.010997715,-0.004911138,0.011280755,0.053957917,-0.0048243795,-0.007727147,-0.0099829845,6.969509e-05,-0.083446525,0.04140077,0.004671535,0.025213517,0.051408686,0.03240907,-0.0005962533,-0.0325048,-0.024468867,0.035366748,-0.035864633,-0.01762592,-0.026214015,0.054221794,0.09380155,0.0001936118,0.013882635,0.025805477,-0.020399021,-0.0002965897,-0.00075031543,-0.0056761308,-0.040673383,-0.028583396,-0.0030198283,-0.015615854,-0.039472584,0.07417247,-0.0121869845,-0.011478584,0.035355754,0.011030424,-0.04916075,-0.060212605,-0.007705307,-0.03948785,0.033504527,0.05208808,0.00092678063,0.020505827,-0.01153047,-0.06899771,0.009939228,0.02165318,-0.007684295,-0.022569124,-0.04562016,0.034908116,0.0031542704,-0.03203953,-0.00024462186,-0.020555243,-0.024657095,-0.0350601,-0.039458625,-0.0028491549,0.04140843,0.021304427,-0.062350836,-0.013845246,-0.0471908,0.03238774,-0.02730509,0.010793089,-0.011611697,0.0016631638,0.00065034884,0.0151507575,0.04741918,0.082745,0.070622414,0.020919086,-0.029064106,-0.003729802,-0.021764092,-0.00011841945,-0.0014855464,0.038689006,-0.04189044,-0.0065191514,0.019164553,0.025591852,-0.0265315,0.007676815,-0.018696163,-0.035228707,0.039651334,-0.011741776,-0.06696901,0.039354682,-0.08524493,0.053954825,-0.06602772,0.040505357,0.02261253,0.04588606,0.0068422863,-0.015467603,0.04901668,0.016055344,-0.0038642818,0.0147632575,0.040549375,-0.04236874,0.07083383,-0.009314256,0.023416055,-0.0017465156,-0.016925527,-0.0032789167,0.013023912,0.02117625,0.008294491,-0.038983528,-0.057939325,-0.036426216,-0.0018602691,-0.063332826,0.0492923,-0.043097176,-0.017376868,0.032640863,0.040683877,-0.0054336507,-0.0014586456,-0.009485069,-0.016167393,0.047549106,-0.042089578,-0.03336697,-0.050148297,-0.052031133,-0.000103049664,-0.03295149,-0.077107094,0.047576323,0.0030325684,-0.009261891,0.010087418,0.0039522145,-0.03494036,0.014727057,0.0137547245,0.06355983,-0.05860832,0.011607631,-0.021344917,-0.019143067,-0.01989718,0.053200994,0.026229257,0.05312257,-0.0023469185,-0.00025916466,-0.0055286316,0.02706429,-0.011220721,-0.019908408,-0.013338586,-0.025746368,-0.025526261,-0.0019916105,0.019285716,0.053998586,0.02624629,-0.017532531,-0.077142216,-0.009885654,0.016590657,-0.028902248,-0.031688582,0.048376616,-0.040014606,0.010734427,0.037692,0.01622337,-0.012716776,0.027001865,-0.032212265,-0.03284601,-0.0009201295,0.021413732,-0.045940503,-0.07673308,-0.03458371,0.09476271,-0.030021327,0.013528917,0.03524116,0.04435974,0.0071785073,0.03403776,-0.023438206,0.04600815,0.023574727,-0.058003586,-0.028618058,0.047251925,-0.0028183293,0.007856162,-0.025787191,0.0014205797,-0.08360263,-0.06609193,-0.019325674,0.0010635942,0.020006906,-0.003763686,-0.048376407,-0.07018788,-0.02875691,0.011945363,-0.049739864,-0.009996724,-0.0038823453,-0.055915006,0.028282072,0.029304322,0.011467567,-0.06278722,0.0011421089,0.1359802,0.022644678,0.026762439,-0.032483373,-0.0077946056,-0.05024126,0.0035652048,0.05172624,0.049047254,0.04297055,0.020284975,0.0022056778,-0.017628731,0.050039664,0.08387557,8.313154e-05,-0.0006521682,0.011746241,0.068985336,-0.041202717,0.06352692,-0.03773709,-0.09951077,0.007877286,0.02114847,0.08870784,-0.043842744,0.012607355,-0.02944741,0.06499089,0.010277929,-0.0063249944,0.06126612,0.08091557,-0.016886445,0.043308627,0.12100608,-0.009899971,-0.04293299,-0.04298526,0.0074719083,-0.0037108203,0.008402836,-0.059421595,-0.01665245,-0.0065300544,0.018428404,0.0073468643,0.03155379,0.0063593662,-0.014753758,0.037282214,0.007380367,0.03706697,-0.070877135,0.037757948,0.014822007,0.0028369229,-0.038036417,0.013308951,-0.004907764,-0.03569996,-0.03325042,-0.011097313,-0.008597442,0.032116216,0.013108409,0.01546235,0.052739453,0.050373085,-0.0073027215,-0.0040308046,0.018619971,0.09491139,0.022823563,0.013349253,-0.01872839,-0.007136619,0.0080662565,-0.019367233,-0.0069486764,-0.001513811,0.043165315,0.04207156,-0.033463523,0.012680337,-0.017337225,0.0029312826,0.024189603,-0.030174972,0.008654328,0.0035573232,-0.031797234,0.028056717,-0.038022477,0.029359894,0.009229959,-0.0018848727,0.009829045,-0.027430456,-0.041269187,-0.0012049963,0.037399404,-0.0014429728,-0.0016877861,0.024899064,-0.012668117,-0.052364577,0.04414644,-0.009131985,-0.0014652585,-0.009315998,0.035726104,-0.026494049,-0.03468809,-0.069374286,-0.018785818,0.019467676,0.0061770207,-0.05885859,-0.02736291,-0.0063190856,0.03539153,-0.06509251,-0.0033052084,0.07085501,0.006529393,-0.042399753,0.0208602,0.0107966075,-0.0014916033,0.046723414,-0.03377148,-0.080331266,-0.0018401479,0.03684249,-0.013033471,0.042972248,0.013911005,0.0281889,-0.023222342,0.0730821,-0.015898114,0.045597292,-0.05556449,-0.022825995,0.0055434084,-0.012190958,0.09222009,0.005157005,-0.016007094,-0.008870839,0.033597153,-0.02391495,-0.0413981,0.023679238,0.011804233,0.03277446,0.008964607,0.05006405,0.0066720485,-0.014655151,-0.014241225,-0.020355036,0.0023911598,-0.04279098,-0.030276068,0.03979494,0.024379691,0.06457141,0.001384577,-0.018489169,0.021666024,-0.051862724,0.04486925,0.043922894,0.028169487,0.018934239,0.04926129,-0.0053637614,-0.004074737,-0.022978494,-0.041758787,-0.000121994315,0.008464534,0.031581447,0.05654754,0.025911998,0.011007029,-0.012266874,-0.03690517,0.059497084,-0.06309972,0.0058576763,-0.014957382,0.018144447,-0.014126915,-0.024601279,0.020046102,-0.034459222,-0.01626621,-0.05216811,-0.0058145295,-0.03743485,0.019732937,-0.0388761,-0.05884048,-0.0002825856,0.02707779,0.008646373,0.0122636715,-0.014891548,0.02987807,0.031120274,-0.0015378746,0.06571095,-0.029354896,0.0027550366,-0.004150067]	2026-05-09 21:39:44.766248
82c9a4bd-ecde-4634-8aa9-7edab31c1b35	exams.top_performers	top students by total marks	top performers students highest scoring students student leaderboard top exam performers best students overall students with highest total marks exam rank holders top scorers across exams dynamic_select_query results students sum aggregation group by students order by total marks desc limit top students no stored function direct aggregation query	["fetch top students by total marks", "list highest scoring students overall", "student leaderboard across all exams", "top N performers overall", "show top exam performers", "best students in exams", "top 3 performers in exams", "highest marks students"]	USE DYNAMIC SELECT QUERY ONLY: | dynamic_select_query | Execution Rules: - NEVER use stored functions - NEVER delegate to call_db_function - MUST aggregate using SUM(results.marks_obtained) - MUST group by student fields only - MUST sort by total_marks DESC - MUST apply LIMIT from user input - ALWAYS use direct aggregation query | Reason: Top performer ranking requires dynamic aggregation across results records.	[{"args": {"joins": [{"on": "students.id = results.student_id", "type": "INNER", "table": "students"}], "limit": "$EXTRACT_LIMIT", "table": "results", "group_by": ["students.id", "students.first_name", "students.last_name"], "order_by": ["total_marks DESC"], "projection": ["students.id AS student_id", "students.first_name", "students.last_name", "SUM(results.marks_obtained) AS total_marks"]}, "tool": "dynamic_select_query"}]	["NO_STORED_FUNCTION", "USE_DYNAMIC_SELECT_QUERY", "MUST_AGGREGATE_SUM", "GROUP_BY_STUDENT_ONLY", "ORDER_BY_TOTAL_MARKS_DESC", "LIMIT_REQUIRED"]	[-0.012587815,0.011416411,-0.010468364,0.037688464,-0.008902152,-0.0071974043,-0.04609414,0.0024604762,0.031161562,0.010587729,-0.014275624,0.031956013,-0.004677712,0.0023326525,0.02701148,0.059353683,0.0038682153,0.041755874,-0.041239493,0.033363514,0.07897721,0.0042120633,-0.009067443,0.008301617,0.009901389,0.0014591943,0.024012325,-0.015625514,-0.0067434404,-0.008065707,0.031003922,0.011079349,-0.011838013,0.031080097,0.011850129,0.09096808,-0.019270845,-0.04707173,0.030796235,0.003931905,-0.043840785,0.06612136,0.0051402557,0.018852,0.02020591,0.018058348,-0.04470418,-0.036684375,0.021408344,0.03212459,-0.036672503,-0.07858189,-0.010287482,0.007827364,0.022656785,0.04582593,-0.014113002,-0.0596066,-0.01232742,-0.051058576,-0.07695091,-0.057433672,-0.07394938,0.028684096,0.053509027,-0.02379784,-0.025058294,-0.053127352,0.061032746,0.11552157,-0.040940028,0.030392041,0.024301905,-0.031010486,0.17998031,0.07629254,-0.002984393,0.02309329,-0.03515611,-0.01711827,0.015027261,0.036376134,-0.019144,-0.042515688,0.099378765,-0.0032763889,-0.021370327,-0.005441087,0.028084978,-0.057603825,0.038430393,-0.037007686,-0.031202061,0.04188942,-0.028228134,0.042235788,-0.044603042,0.008827596,-0.04518727,-0.07540432,0.032110695,0.010241309,-0.009252111,0.09993028,-0.043192547,0.016857268,0.045291774,0.030451505,-0.04420341,0.020922465,0.057390008,0.014689153,-0.026211588,0.0058600483,0.034852978,0.03246939,-0.010110324,0.0043923147,0.017324995,0.019755138,-0.023791097,0.026483638,-0.03044228,0.031418808,-0.030720077,0.025923437,0.04479385,-0.023778249,0.0028875107,-0.0044957045,0.05093561,0.024557032,0.020003363,-0.010878328,-0.0018845329,0.0020443166,-0.027420294,0.009428174,0.02692063,0.043281354,-0.04677796,0.028156476,-0.036729522,-0.018549113,0.038321346,0.04021541,-0.006054456,-0.03450227,-0.0042382567,0.004965702,0.036808077,0.0030136916,0.002892472,0.013463167,0.03952017,-0.030274369,0.022842946,-0.033249173,-0.006397952,-0.0342186,-0.059787918,-0.04364374,-0.014292192,0.03757821,0.012203099,0.07076816,-0.026078887,0.06116456,0.014639373,-0.018645879,-0.035884194,-0.006016484,0.03296308,0.023896487,-0.031098481,-0.01742063,-0.035875127,-0.008907427,-0.008524169,0.013064244,-0.032957807,0.044605497,-0.04462337,-0.012961125,-0.015170662,-0.01873067,0.032230705,0.040098764,0.06813423,-0.03504983,-0.007777273,0.025569418,0.004085328,-0.019302852,0.0059393654,0.010084019,0.04428488,0.036188424,0.008483287,-0.022970134,0.034921583,-0.016552951,-0.009431363,-0.0054215095,-0.020247854,-0.04039295,-0.015187564,0.043560322,-0.03724457,0.023064088,-0.05031795,0.025916597,-0.02898039,0.017921844,-0.0038248252,0.041723885,0.06993954,0.045812268,-0.004349866,0.014380811,-0.020151282,0.03771604,0.031083768,-0.009096033,-0.038277503,-0.03977047,-0.064560905,0.01959926,0.0387171,-0.026314149,0.08140062,0.036890816,0.0127254175,-0.031360295,-0.04578237,-0.033905517,-0.04484445,0.008056434,0.02319459,0.05086102,-0.056547347,0.03338667,-0.006577752,0.03364339,0.01612431,-0.017582806,0.04213784,0.00074577436,0.06750477,-0.01609839,0.061665393,-0.04576909,0.075670846,0.02875863,0.0046015442,-0.022546485,-0.00067763013,-0.027396861,0.016778875,-0.031480815,-0.007590257,-0.008306275,-0.043941945,-0.0132438205,-0.062974684,0.013459012,0.013134804,0.008797677,-0.008774013,-0.024542712,0.051791716,-0.07337799,-0.029173505,-0.062189404,-0.01814824,0.024788184,0.020666547,-0.061429027,0.022326805,-0.016795518,0.019390885,0.054011583,0.009774825,0.05751867,0.022219516,0.031124879,0.014357154,-0.048465192,-0.033051055,-0.011425604,0.0010606124,-0.012508247,0.02266243,0.022741884,-0.014648881,-0.017239345,0.008295204,0.00046891952,-0.051367607,-0.024375036,0.005192708,-0.0027697948,0.024414612,0.025834449,0.026806563,0.022748148,-0.017717065,-0.039854746,-0.03851599,0.011446324,0.075395696,-0.009446215,-0.0063511534,-0.010789038,0.004325194,0.011968394,-0.05345587,-0.05616123,0.012247285,0.0045648823,0.02391992,-0.029729104,0.0013250138,0.012694208,-0.00017474181,0.014289315,7.6263015e-05,0.032349695,-0.0392419,0.05649764,0.047549717,-0.03317154,0.035559658,0.013363953,-0.014343576,-0.009298061,-0.04399,0.007820407,-0.071115755,-0.0075225485,-0.017871894,-0.031836506,0.025563464,-0.044984035,0.01920109,-0.016893815,-0.0019909595,-0.019791106,0.007986725,0.020236252,0.009977927,-0.025650024,0.032500386,-0.008851555,-0.10267694,0.020141946,0.017111374,0.031309206,0.072654724,-0.053258244,0.038078155,-0.08365066,0.0045530125,-0.043211963,0.05849729,0.04007235,0.0065399376,0.03174966,0.046511706,-0.06165285,0.02715985,-0.04053072,-0.06510891,-0.03361438,0.008881476,0.026804132,0.05296156,-0.018310534,-0.0064799455,0.010416395,-0.045723803,-0.0017446207,0.033620216,0.03615531,-0.047321618,0.027429793,0.015526723,-0.008187051,-0.038044456,0.06749154,0.008740294,0.006991301,0.002462517,-0.0055312715,0.034383804,0.07807756,0.03949909,0.028246993,0.016367473,-0.0029103789,-0.03850374,0.028128935,-0.021792369,0.017332029,-0.004684007,-0.043175213,0.0060199136,0.0010172544,0.061131194,0.010114204,-0.01735471,-0.013274416,0.00045299722,0.007852494,-0.01610074,-0.05201556,0.01363369,0.057897687,-0.051232092,0.0050821323,-0.06858898,0.023395011,0.03498475,0.03335772,0.013648418,0.039078023,0.052489173,0.06682825,0.06567741,0.045654975,0.022393364,0.004241254,0.015516649,-0.023045786,-0.0042235567,-0.017908998,-0.03660006,0.017949788,0.04505442,0.093429565,-0.0051858528,-0.057340797,-0.006671493,0.023691926,-0.03353243,-0.03152016,0.036688074,0.029843643,-0.015719958,0.013084669,0.0049013584,-0.017781097,0.0007478597,-0.001458648,0.0286016,-0.00140809,-0.0075417887,-0.029233446,-0.068964176,0.008615184,0.025651649,0.00934208,0.067353845,-0.042222332,0.01249434,-0.007753068,0.014644389,-0.037448876,-0.04305599,0.008629282,-0.0030023255,0.045109134,-0.06400095,0.0018714397,-0.006660175,-0.012507694,0.073064126,0.011780644,0.03933548,0.030604968,0.018277336,0.0024319356,-0.025315357,0.055532925,0.0027288762,0.0037272405,-0.0011800828,-0.04311013,0.0011239218,0.013100305,0.009373942,0.00695457,0.054052457,-0.05246454,0.013394696,-0.043207213,0.033706408,-0.025716765,-0.043510724,-0.011349045,-0.09884978,0.045021128,-0.00034198383,0.06281827,-0.034183186,0.026856914,-0.040477175,-0.08392808,-4.2186912e-07,-0.011186906,-0.00091225846,0.0058099907,-0.03030116,-0.02624354,-0.0062984633,0.030365909,0.028176352,-0.008041514,0.014614707,0.009572969,0.0313203,0.032914087,0.0015505638,-0.02692286,0.0059841955,0.0436589,0.032513008,-0.0074579534,0.04482118,-0.011700471,0.0043216846,-0.034032814,-0.028671723,0.026858129,-0.023095302,-0.03968963,0.013144973,-0.051305145,-0.04146465,-0.026077515,-0.026602931,-0.02344465,-0.08697111,-0.021673286,0.032680146,0.003392399,-0.0831582,-0.010804163,0.074398704,0.10599542,0.039543293,0.07931016,-0.0038323011,0.019125428,0.044097636,-0.013826209,0.006762064,0.010363562,0.009555409,0.0049326406,-0.0035628018,0.0029856795,0.04235041,-0.041308936,0.020492371,-0.011998596,0.04632523,0.031642027,-0.02563216,0.018588964,0.0097789,-0.027062483,0.00536513,-0.01610523,-0.017926063,0.012937267,-0.014762981,-0.05599717,0.0350541,0.018642407,-0.013714927,0.048884228,0.092583075,-0.026165424,-0.04763072,0.0205579,-0.0047193286,-0.03554349,-0.018173099,-0.0033425374,-0.020305198,-0.032086402,-0.0140242735,-0.0055608377,-0.0025784888,-0.06107989,0.021184074,0.07508321,0.015870808,-0.00900458,0.03540619,0.024490641,-0.007030405,-0.033259384,0.06738481,0.027765444,0.01756593,-0.043466043,0.048021305,-0.012677504,-0.009886602,-0.057278384,-0.022652507,-0.0056620534,0.023297045,-0.01952636,0.032019783,0.006949972,0.027407475,0.02273093,0.028668936,0.045391586,0.06483462,-0.042559728,0.017436938,0.018607438,0.0043206816,-0.008850123,-0.14019044,-0.061847348,-0.052220184,0.04330932,0.06962337,-0.0030762989,-0.028509839,0.02512169,0.0010242836,0.012713457,-0.023188772,-0.0003109939,-0.041568357,-0.039468467,0.060202513,-0.0068636797,-0.075923994,0.017848572,-0.025544029,-0.0041696117,0.0042734,0.01849816,-0.025225423,-0.032713052,0.00089427084,-0.07366514,-0.015454426,0.031054044,-0.037711915,0.041629944,0.03968031,-0.043888852,-0.017052192,0.010654803,0.054453366,-0.055212054,-0.10486238,-0.030088533,-0.003215767,0.000796227,-0.036655672,-0.03298623,-0.043898106,-0.019311013,0.0096049355,-0.024496486,0.062380776,-0.0071781864,-0.00240062,-0.006159693,0.013361519,0.02004718,0.005855873,-0.051068008,-0.006545709,0.038510393,0.0238125,-0.035125054,0.022739451,-0.015758164,-0.009141844,-0.051736955,-0.029993027,-0.00013170898,0.01057288,-0.06816736,0.008244857,0.01451745,-0.012082512,0.037459828,0.052160982,0.013214187,-0.04230878,0.021792632,-0.042677402,-0.06762201,-0.0070603564,0.033527054,-0.005776191,0.0044845324,0.026055511,-0.005452141,-0.03337933,-0.029147105,-0.0571482,-0.0057577416,0.02330251,0.0788987,-0.021375662,-0.07957581,-0.010491326,0.010427595,0.010744441,-0.024491593,-0.007271397,0.019325241,-0.037114892,0.005147479,-0.025288891,0.021170864,0.041616376,0.020129114,-0.024656765,0.033793304,-0.010812997,-0.006184972,0.046966784,0.036622893,0.010134811,-0.0106268795,-0.0041452274,-0.04551545,0.034795627,-0.04896463,-0.01103262,0.044856053,0.036474638,-0.0015649918,-0.012587502,0.010341065,-0.04074756,0.010250582,0.0065225298,0.006179906,0.01926668,0.013342685,-0.08888251,-0.04518126,-0.008498178,-0.015488522,-0.07319554,0.001157216,-0.029339375,-0.027414966,-0.016866973,-0.012122202,0.06364354,-0.01668212,0.036587253,-0.0303648]	2026-05-12 13:26:35.108414
6a1b8029-8862-411d-9b2a-73d25a76da9b	attendance.student_report	student attendance report by name and class	student attendance report attendance percentage by student name class section attendance lookup class wise student attendance get attendance for student attendance report card present days student attendance summary resolve class student lookup get_student_attendance multi step workflow no manual attendance calculation use stored function	["show attendance for rahul in class 10", "get attendance report for aman from class 8", "attendance percentage of rohit from class 12 A", "student attendance summary by name", "show attendance details for priya in section B", "attendance report for student by class", "how much attendance does arjun have"]	USE MULTI STEP EXECUTION: | Step 1: Resolve student_id using students and classes tables | Step 2: Call get_student_attendance(p_student_id) | Execution Rules: - NEVER manually calculate attendance percentage - NEVER manually join attendance tables for attendance computation - ALWAYS use stored function for attendance calculation - MUST resolve exact student before function call | Reason: Attendance logic is centralized in backend function and requires student_id.	[{"args": {"joins": [{"on": "classes.id = students.class_id", "type": "INNER", "table": "classes"}], "limit": 1, "table": "students", "where": {"classes.class_name": "$EXTRACT_CLASS_NAME", "students.first_name": "$EXTRACT_STUDENT_NAME"}, "projection": ["students.id"]}, "tool": "dynamic_select_query"}, {"args": {"p_student_id": "$STEP_1.id"}, "tool": "get_student_attendance"}]	["MULTI_STEP_EXECUTION", "RESOLVE_STUDENT_FIRST", "USE_FUNCTION_ONLY", "NO_MANUAL_ATTENDANCE_CALCULATION", "NO_MANUAL_ATTENDANCE_JOINS", "STUDENT_NAME_REQUIRED", "CLASS_LOOKUP_REQUIRED"]	[-0.020621153,-0.021025017,-0.014200771,0.07447089,-0.03490714,0.035811674,-0.049871877,0.0031318783,0.04520563,-0.04483622,0.00055327633,-0.021515802,-0.023819014,-0.09246869,0.056966413,0.05529474,-0.0037419468,0.042749044,-0.060608376,0.020245843,0.02765452,-0.01349161,-0.008935953,0.019990722,-0.03266906,-0.02856731,0.073546275,-0.047428288,-0.027147958,0.022370078,0.065901674,0.00489243,0.0035042635,0.057258308,0.006126691,0.05259153,-0.0154106645,-0.020013724,0.05270562,-0.016002024,0.022628555,0.068098,-0.01778717,0.027913589,0.04085388,-0.048140824,-0.0134289935,0.03000578,-0.010589495,-0.006183477,0.028451417,-0.044511296,0.023073418,0.018687138,-0.0013451895,-0.018313842,-0.022758942,-0.029308561,-0.046935275,-0.043138735,-0.0040634554,-0.060133003,0.011550421,0.03309657,0.02762287,0.040149055,-0.009702344,-0.048657265,0.048613437,0.105243646,-0.006469237,-0.0036396747,-0.041396085,-0.03600565,0.12727985,0.055281736,0.02664584,0.01073142,-0.023262575,-0.0025169575,-0.0012388915,0.039794978,-0.045785535,-0.027880497,0.09298428,-0.017087186,-0.008086173,0.010042279,0.040769737,-0.046294894,0.03301675,-0.05101127,-0.004564906,0.0665146,0.0051135225,-0.006955117,-0.09556204,0.05484457,0.018812822,-0.03652644,-0.008008934,0.051084165,0.0025126054,0.035515487,-0.053035382,-0.004591417,-0.019341087,0.003949867,0.012700648,0.03542528,0.02782577,0.012818769,-0.020493928,0.027989145,0.0049947016,0.009261024,-0.012953688,-0.009867001,0.050308406,0.058144044,-0.0031668963,0.05758658,-0.040434394,0.048606947,0.022496397,0.012468292,0.061504133,-0.022412647,0.013669869,-0.011741526,-0.0045874664,0.024366563,0.026195385,0.008352128,-0.06128772,0.0069770706,-0.0035657247,-0.03816259,0.04448692,0.039815146,-0.024432799,-0.041748114,0.02512503,0.02692581,0.04706587,0.027198099,-0.042750973,0.003875234,-0.03687379,-0.040141545,0.059349228,-0.029128829,-0.02767056,-0.022187265,-0.0027298073,-0.0026402615,-0.017009478,-0.045678314,-0.014004121,-0.019659195,-0.017959312,-0.015011601,0.0391747,0.02693433,0.020586617,0.07437868,-0.014613964,0.032324657,-0.06218002,-0.0022023676,0.01081939,-0.011055152,-0.009396773,-0.045261484,-0.02677167,-0.010233666,-0.028737536,-0.03244317,-0.038561318,0.013724074,0.012969449,0.063289404,-0.05763639,0.08861463,-0.025003854,0.09278682,0.011041198,0.043131743,0.046701793,-0.022318836,-0.021715071,-0.026813721,0.026740266,-0.08156193,-0.00063513615,0.0040138285,0.035095885,0.024487076,0.0016052017,-0.0076159122,0.0045819096,-0.026350688,0.008130697,0.046568338,-0.0009630093,0.034167107,0.00021869407,0.027898578,-0.072805665,0.025463006,0.003587055,-0.015747553,-0.0014342977,-0.045328833,0.010604067,-0.0035898904,0.01694808,-0.029274303,-0.029393926,-0.013504113,-0.010775138,0.008657691,-0.0073271967,0.06725241,0.021678878,0.0009985056,-0.033098865,-0.002423854,0.03259857,0.04252756,0.06728225,0.025993956,-0.004531869,0.011830457,-0.050580706,-0.023094755,-0.01888553,0.010430241,0.03200718,0.025099235,-0.050276063,0.017600343,0.029674994,0.051699042,0.04279534,-0.07070971,0.04433396,-0.034637205,0.056334216,-0.013963867,0.062142678,-0.005220214,0.043709494,-0.03646093,-0.04355253,-0.034462858,-0.018706156,-0.019643001,-0.007345291,-0.03991623,0.025184369,0.0123535,-0.048993334,0.061642688,-0.064177744,0.011759329,0.05485754,-0.017489137,-0.036935627,-0.014484511,0.03798943,-0.069866516,-0.054094885,-0.055914205,-0.006074571,-0.01748102,-0.010386649,-0.037035473,0.027518157,-0.03890907,-0.02877272,-0.011561004,0.023761384,0.03712222,-0.005188273,0.0009915835,0.053577125,-0.071790256,0.036519058,-0.026830148,-0.02684958,-0.01092078,0.022671452,0.014169092,0.028946286,0.007747509,-0.03143796,0.020541161,-0.0071538296,-0.02651753,0.039679676,0.06398926,0.021965172,0.007044642,-0.006244555,0.006786362,0.0017174375,0.0120440675,-0.023007564,0.02469567,0.021509564,-0.057235874,-0.029205363,0.046662565,0.043350775,0.056026846,-0.026358768,-0.024025563,-0.054434437,-0.014562715,-0.00019210773,-0.030266685,-0.004397966,0.052972168,-0.022000654,-0.012161217,0.014581475,0.015982835,-0.05372291,0.04681418,0.029338576,0.027829275,0.05095234,0.07028443,-0.045506004,-0.02709684,0.020803696,0.023324113,-0.042971138,0.0007796467,0.00889274,0.05778437,0.04318008,-0.027879277,0.035930566,0.042714253,0.06037378,0.0054755155,-0.005441094,-0.05309466,-0.03406809,-0.014984277,0.016485903,-0.0022891667,-0.050575037,-0.009204091,-0.0058325133,-0.00093464984,0.013197661,-0.07020771,0.008427199,-0.056317482,-0.015726596,-0.032396145,0.043422636,0.06385701,-0.0391217,0.024029847,0.022561325,-0.047511403,0.0026255192,-0.0040023113,-0.02363087,-0.012609648,-0.011299449,0.004797263,0.020932924,-0.036139708,-0.014471407,0.021561658,-0.04017005,-0.015444027,-0.083393365,-0.03654618,0.014210723,0.007406458,5.2726773e-07,0.005329996,-0.05857914,0.0439317,0.021701181,-0.0281071,-0.0015604412,-0.006909102,-0.013160246,0.0114081185,0.04915021,0.042244725,0.066795394,0.02412891,0.004065619,0.0171577,-0.056983244,0.009105519,-0.002666685,0.010983048,0.009665436,-0.0009159235,0.035573203,-0.015983798,-0.021380043,0.027665744,0.020005498,-0.052661173,0.010625544,-0.03362056,-0.011784802,0.020267803,-0.06669179,0.038089886,-0.11513596,0.026828635,-0.015183244,0.027428754,0.0034933263,-0.024657201,0.0272459,0.052210905,-0.011364424,0.0361934,0.037406173,-0.0027008695,0.078167066,0.053045094,0.02670267,0.011274148,-0.029059771,-0.01888643,0.0149595,0.018719448,0.015443659,-0.041764446,-0.06177084,-0.0278143,-0.047386687,-0.014573712,0.05983277,-0.035261597,-0.07089518,0.023561334,0.0096315965,-0.043178067,-0.008243961,-0.022734502,0.01574115,0.054211155,-0.022658773,-0.045997806,-0.0083339065,-0.045158204,-0.010979755,0.0026008,-0.019403279,0.02594147,-0.021270964,0.0076609063,0.017308446,0.023501555,-0.017058697,-0.014196807,0.022300303,0.084600344,-0.106869295,-0.013143591,-0.06293881,-0.025950374,0.00042526177,0.046472102,0.027783517,0.03834115,-0.018931076,-0.028553493,-0.026440127,0.029419944,-0.02207788,-0.0056526745,-0.028438015,-0.06421125,0.007902456,0.029978294,-0.0170716,0.052485444,0.076303445,-0.00026259062,-0.009190132,0.010530819,-0.00048174642,-0.071200036,-0.031310283,0.01978132,-0.061462134,0.01671507,0.047979217,0.055090412,-0.00950586,0.03333776,-0.009494029,-0.04544366,0.017016903,-0.0058708386,-0.028217897,-0.03890488,-0.08418411,0.06831764,-0.051870618,0.028724514,0.0211736,0.013953433,-0.052954074,0.0072430824,0.029636322,0.043591604,0.016959032,-0.060301583,0.032343354,0.017095946,-0.015711838,-0.017536754,-0.030401627,0.024737947,-0.039029922,-0.012293446,-0.026628692,-0.004595575,0.061117705,-0.0031542382,-0.048712693,-0.064720064,-0.04810006,-0.031340364,-0.020879732,-0.01061189,-0.02672449,-0.033373076,-0.0061592762,-0.035961207,-0.016946556,-0.010593184,0.064756736,0.081199676,-0.00062855805,0.035637747,-0.04726472,0.025805103,-0.0006886824,-0.009703837,0.06741653,0.023794165,0.053544912,-0.018846672,-0.03682681,-0.0023113247,0.025924833,0.022919228,0.042134736,-4.699688e-05,0.03117473,0.06456471,-0.08716208,0.031062523,-0.008098618,-0.046308715,0.023780046,0.019628696,0.018750023,-0.027066616,0.017659146,-0.011709461,0.053287346,-0.023872675,0.02266323,0.084109135,0.10014864,0.019557735,0.03780939,0.044204805,-0.021385193,-0.03982242,-0.01105295,0.016380137,-0.0089182155,0.047098394,-0.03842099,0.035152677,0.0031207183,-0.012408054,0.018085564,0.0053545604,0.014255239,0.021703873,0.030852562,0.026532164,0.023264877,0.0011316488,0.04619037,0.040432237,-0.020710396,-0.0072785937,0.015153457,-0.024538042,0.0014238653,-0.04335143,-0.028515127,-0.017447101,0.025402619,-0.03148023,0.010990205,0.049674116,0.034342322,0.0042958786,0.04862318,0.01992682,0.07978323,-0.013245639,0.03699428,0.003710511,-0.034473944,0.005557486,-0.06206343,-0.019460307,-0.029982563,0.03898616,0.02208315,-0.026863044,0.0210429,-0.0007657615,0.038785856,-0.015066615,-0.049220346,0.00028855706,-0.003459301,-0.034528494,0.027637258,-0.06510033,0.0012789286,-0.0019859252,-0.02824484,-0.019244717,-0.06435772,-0.027941553,-0.002317081,0.033957776,-0.0054842653,-0.015243885,-0.00725269,0.016144594,-0.058983263,0.017649377,0.04515558,0.0014691908,-0.005163506,0.03050763,-0.007799826,-0.054752536,-0.041860696,-0.0069977185,0.015383753,-0.026984405,-0.006081592,-0.025949812,-0.030877687,0.01583836,-0.020834092,0.019476546,0.09598555,-0.026879735,-0.016651416,0.022414671,0.005689836,0.011837254,0.049595103,0.021277154,-0.067956455,-0.00025267873,-0.002511541,-0.011126681,0.06212464,-0.016513463,0.040308617,0.010083922,0.07086817,-0.01549753,0.016288651,-0.08021845,-0.021305867,0.024982868,-0.025221495,0.043585207,0.006543219,-0.0024474652,-0.0288892,0.0028112333,-0.019360056,-0.026180385,-0.000290172,0.026025,0.032340046,0.008244342,0.03845222,-0.047457032,-0.03812839,0.0042039827,-0.06749567,-0.022331422,0.00291146,-0.030179292,0.039000195,0.010912748,0.009759184,0.010767958,-0.0029646058,-0.04417151,-0.024030512,0.053463634,0.009294364,0.063060045,0.033612832,0.08733625,0.016649794,0.046430167,-0.044220887,0.014383516,-0.028751742,0.004026666,0.0527044,0.043537162,0.04533348,-0.011552521,-0.0050298925,-0.040671848,0.02166895,-0.025733788,0.02460285,0.009866372,0.01799967,0.028022146,-0.0039261994,0.034626283,-0.032674864,0.015368304,-0.041960724,-0.0336071,0.009134743,0.025866067,-0.039911065,-0.06989139,-0.015163293,0.0033054396,-0.0070062415,0.023109345,-0.061682988,0.008091408,0.01543983,-0.059009396,0.093233675,-0.0017080792,-0.01178143,-0.00027539345]	2026-05-12 18:19:33.624865
\.


--
-- Data for Name: subjects; Type: TABLE DATA; Schema: public; Owner: mcpserver
--

COPY public.subjects (id, subject_name, class_id) FROM stdin;
1	Mathematics	1
2	Science	1
3	English	1
4	History	1
\.


--
-- Data for Name: results; Type: TABLE DATA; Schema: public; Owner: mcpserver
--

COPY public.results (id, student_id, exam_id, subject_id, marks_obtained) FROM stdin;
1	1	1	1	78
2	1	1	2	82
3	1	1	3	74
4	1	1	4	69
5	2	1	1	91
6	2	1	2	88
7	2	1	3	95
8	2	1	4	90
9	3	1	1	45
10	3	1	2	52
11	3	1	3	48
12	3	1	4	50
13	4	1	1	67
14	4	1	2	72
15	4	1	3	70
16	4	1	4	65
17	5	1	1	30
18	5	1	2	40
19	5	1	3	35
20	5	1	4	38
\.


--
-- Data for Name: schema_migrations; Type: TABLE DATA; Schema: public; Owner: mcpserver
--

COPY public.schema_migrations (version, dirty) FROM stdin;
2	f
\.


--
-- Name: attendance_id_seq; Type: SEQUENCE SET; Schema: public; Owner: mcpserver
--

SELECT pg_catalog.setval('public.attendance_id_seq', 50, true);


--
-- Name: classes_id_seq; Type: SEQUENCE SET; Schema: public; Owner: mcpserver
--

SELECT pg_catalog.setval('public.classes_id_seq', 2, true);


--
-- Name: departments_id_seq; Type: SEQUENCE SET; Schema: public; Owner: mcpserver
--

SELECT pg_catalog.setval('public.departments_id_seq', 4, true);


--
-- Name: employees_id_seq; Type: SEQUENCE SET; Schema: public; Owner: mcpserver
--

SELECT pg_catalog.setval('public.employees_id_seq', 8, true);


--
-- Name: exams_id_seq; Type: SEQUENCE SET; Schema: public; Owner: mcpserver
--

SELECT pg_catalog.setval('public.exams_id_seq', 1, true);


--
-- Name: results_id_seq; Type: SEQUENCE SET; Schema: public; Owner: mcpserver
--

SELECT pg_catalog.setval('public.results_id_seq', 20, true);


--
-- Name: students_id_seq; Type: SEQUENCE SET; Schema: public; Owner: mcpserver
--

SELECT pg_catalog.setval('public.students_id_seq', 7, true);


--
-- Name: subjects_id_seq; Type: SEQUENCE SET; Schema: public; Owner: mcpserver
--

SELECT pg_catalog.setval('public.subjects_id_seq', 4, true);


--
-- PostgreSQL database dump complete
--

\unrestrict GPm7YrHcpb4Z00zJmhZQEu7t1vr7xf5hHrArHyKAEHIAaEBpG6yk6RzV6gGtuaH

