--
-- PostgreSQL database dump
--

\restrict qUxalmNLKueD0mS3FiuD8XSxbhnMieo5jE7mB51Ox6ZWtRqFdfLsixhwJmkCe4J

-- Dumped from database version 18.4 (Debian 18.4-1.pgdg13+1)
-- Dumped by pg_dump version 18.4 (Debian 18.4-1.pgdg13+1)

SET statement_timeout = 0;
SET lock_timeout = 0;
SET idle_in_transaction_session_timeout = 0;
SET transaction_timeout = 0;
SET client_encoding = 'UTF8';
SET standard_conforming_strings = on;
SELECT pg_catalog.set_config('search_path', '', false);
SET check_function_bodies = false;
SET xmloption = content;
SET client_min_messages = warning;
SET row_security = off;

--
-- Data for Name: classes; Type: TABLE DATA; Schema: public; Owner: mcpserver
--

COPY public.classes (id, class_name, section, academic_year) FROM stdin;
1	7th	A	2025-2026
2	8th	A	2025-2026
\.


--
-- Data for Name: students; Type: TABLE DATA; Schema: public; Owner: mcpserver
--

COPY public.students (id, roll_number, first_name, last_name, date_of_birth, gender, parent_mail, class_id, address, created_at) FROM stdin;
1	7A01	Aarav	Sharma	2013-05-10	Male	aarav.sharma.parent@example.com	1	("12 Gandhi Nagar","Gandhi Nagar",Jammu,"Jammu & Kashmir",180001,India,32.7056,74.8569)	2026-02-27 13:27:29.458339
2	7A02	Diya	Verma	2013-08-21	Female	diya.verma.parent@example.com	1	("45 Sainik Colony","Sainik Colony",Jammu,"Jammu & Kashmir",180002,India,32.6845,74.897)	2026-02-27 13:27:29.458339
3	7A03	Kabir	Singh	2013-02-14	Male	kabir.singh.parent@example.com	1	("101 City Center","City Center",Jammu,"Jammu & Kashmir",180003,India,32.7266,74.857)	2026-02-27 13:27:29.458339
4	7A04	Meera	Joshi	2013-11-30	Female	meera.joshi.parent@example.com	1	("7 Channi Himmat","Channi Himmat",Jammu,"Jammu & Kashmir",180004,India,32.695,74.887)	2026-02-27 13:27:29.458339
5	7A05	Rohan	Gupta	2013-07-19	Male	rohan.gupta.parent@example.com	1	("56 Gandhi Nagar","Gandhi Nagar",Jammu,"Jammu & Kashmir",180005,India,32.7056,74.8569)	2026-02-27 13:27:29.458339
6	8B11	Vikram	Mahajan	2011-03-26	Male	vikram.mahajan.parent@example.com	2	("22 Sainik Colony","Sainik Colony",Jammu,"Jammu & Kashmir",180006,India,32.6845,74.897)	2026-03-01 17:20:04.997179
7	8B06	Jasmine	Raina	2012-08-03	Female	jasmine.raina.parent@example.com	2	("88 City Center","City Center",Jammu,"Jammu & Kashmir",180007,India,32.7266,74.857)	2026-03-01 17:20:04.997179
8	7A06	Ananya	Khajuria	2013-04-18	Female	ananya.khajuria.parent@example.com	1	("18 Trikuta Nagar","Trikuta Nagar",Jammu,"Jammu & Kashmir",180010,India,32.7112,74.8814)	2026-03-05 10:12:11
9	7A07	Arjun	Koul	2013-09-07	Male	arjun.koul.parent@example.com	1	("42 Talab Tillo","Talab Tillo",Jammu,"Jammu & Kashmir",180011,India,32.7342,74.8421)	2026-03-05 10:12:11
10	7A08	Sanvi	Dogra	2013-01-25	Female	sanvi.dogra.parent@example.com	1	("77 Janipur",Janipur,Jammu,"Jammu & Kashmir",180012,India,32.7465,74.8342)	2026-03-05 10:12:11
11	7A09	Aditya	Raina	2013-06-14	Male	aditya.raina.parent@example.com	1	("15 Rehari Colony","Rehari Colony",Jammu,"Jammu & Kashmir",180013,India,32.7318,74.8528)	2026-03-05 10:12:11
12	7A10	Siya	Gupta	2013-10-03	Female	siya.gupta.parent@example.com	1	("91 Bakshi Nagar","Bakshi Nagar",Jammu,"Jammu & Kashmir",180014,India,32.7269,74.8465)	2026-03-05 10:12:11
13	7A11	Reyansh	Sharma	2013-12-09	Male	reyansh.sharma.parent@example.com	1	("31 Shastri Nagar","Shastri Nagar",Jammu,"Jammu & Kashmir",180015,India,32.7181,74.8652)	2026-03-05 10:12:11
14	7A12	Myra	Gupta	2013-03-12	Female	myra.gupta.parent@example.com	1	("63 Narwal",Narwal,Jammu,"Jammu & Kashmir",180016,India,32.6938,74.9021)	2026-03-05 10:12:11
15	7A13	Vihaan	Singh	2013-08-16	Male	vihaan.singh.parent@example.com	1	("22 Roop Nagar","Roop Nagar",Jammu,"Jammu & Kashmir",180017,India,32.7484,74.8205)	2026-03-05 10:12:11
16	8A01	Kashvi	Jamwal	2012-05-08	Female	kashvi.jamwal.parent@example.com	2	("14 Gandhi Nagar","Gandhi Nagar",Jammu,"Jammu & Kashmir",180018,India,32.7068,74.8584)	2026-03-05 10:12:11
17	8A02	Yuvraj	Chib	2012-11-19	Male	yuvraj.chib.parent@example.com	2	("82 Sainik Colony","Sainik Colony",Jammu,"Jammu & Kashmir",180019,India,32.6861,74.8984)	2026-03-05 10:12:11
18	8A03	Aadhya	Mahajan	2012-02-11	Female	aadhya.mahajan.parent@example.com	2	("55 Channi Himmat","Channi Himmat",Jammu,"Jammu & Kashmir",180020,India,32.6964,74.8886)	2026-03-05 10:12:11
19	8A04	Lakshya	Kumar	2012-07-24	Male	lakshya.kumar.parent@example.com	2	("11 Trikuta Nagar","Trikuta Nagar",Jammu,"Jammu & Kashmir",180021,India,32.7124,74.8827)	2026-03-05 10:12:11
20	8A05	Pari	Sood	2012-09-29	Female	pari.sood.parent@example.com	2	("73 Talab Tillo","Talab Tillo",Jammu,"Jammu & Kashmir",180022,India,32.7354,74.8436)	2026-03-05 10:12:11
21	8A06	Atharv	Bhagat	2012-04-06	Male	atharv.bhagat.parent@example.com	2	("28 Janipur",Janipur,Jammu,"Jammu & Kashmir",180023,India,32.7479,74.8354)	2026-03-05 10:12:11
22	8A07	Navya	Raina	2012-01-17	Female	navya.raina.parent@example.com	2	("64 Rehari Colony","Rehari Colony",Jammu,"Jammu & Kashmir",180024,India,32.7332,74.8541)	2026-03-05 10:12:11
23	8A08	Ishaan	Dogra	2012-06-22	Male	ishaan.dogra.parent@example.com	2	("37 Bakshi Nagar","Bakshi Nagar",Jammu,"Jammu & Kashmir",180025,India,32.7281,74.8479)	2026-03-05 10:12:11
24	8A09	Anaisha	Koul	2012-10-12	Female	anaisha.koul.parent@example.com	2	("49 Shastri Nagar","Shastri Nagar",Jammu,"Jammu & Kashmir",180026,India,32.7194,74.8668)	2026-03-05 10:12:11
25	8A10	Krish	Khajuria	2012-03-27	Male	krish.khajuria.parent@example.com	2	("95 Narwal",Narwal,Jammu,"Jammu & Kashmir",180027,India,32.6951,74.9035)	2026-03-05 10:12:11
\.


--
-- Data for Name: attendance; Type: TABLE DATA; Schema: public; Owner: mcpserver
--

COPY public.attendance (id, student_id, attendance_date, status) FROM stdin;
1	1	2025-09-01	Present
2	1	2025-09-02	Present
3	1	2025-09-03	Present
4	1	2025-09-04	Present
5	1	2025-09-05	Present
6	1	2025-09-06	Present
7	1	2025-09-07	Present
8	1	2025-09-08	Present
9	1	2025-09-09	Present
10	1	2025-09-10	Absent
11	2	2025-09-01	Present
12	2	2025-09-02	Present
13	2	2025-09-03	Present
14	2	2025-09-04	Present
15	2	2025-09-05	Present
16	2	2025-09-06	Present
17	2	2025-09-07	Present
18	2	2025-09-08	Present
19	2	2025-09-09	Present
20	2	2025-09-10	Present
21	3	2025-09-01	Present
22	3	2025-09-02	Present
23	3	2025-09-03	Absent
24	3	2025-09-04	Present
25	3	2025-09-05	Absent
26	3	2025-09-06	Present
27	3	2025-09-07	Absent
28	3	2025-09-08	Present
29	3	2025-09-09	Absent
30	3	2025-09-10	Present
31	4	2025-09-01	Present
32	4	2025-09-02	Present
33	4	2025-09-03	Present
34	4	2025-09-04	Absent
35	4	2025-09-05	Present
36	4	2025-09-06	Present
37	4	2025-09-07	Present
38	4	2025-09-08	Absent
39	4	2025-09-09	Present
40	4	2025-09-10	Present
41	5	2025-09-01	Absent
42	5	2025-09-02	Present
43	5	2025-09-03	Absent
44	5	2025-09-04	Absent
45	5	2025-09-05	Present
46	5	2025-09-06	Absent
47	5	2025-09-07	Absent
48	5	2025-09-08	Present
49	5	2025-09-09	Absent
50	5	2025-09-10	Present
51	8	2025-09-01	Present
52	8	2025-09-02	Present
53	8	2025-09-03	Present
54	8	2025-09-04	Present
55	8	2025-09-05	Present
56	8	2025-09-06	Present
57	8	2025-09-07	Absent
58	8	2025-09-08	Present
59	8	2025-09-09	Present
60	8	2025-09-10	Present
61	9	2025-09-01	Present
62	9	2025-09-02	Present
63	9	2025-09-03	Present
64	9	2025-09-04	Present
65	9	2025-09-05	Present
66	9	2025-09-06	Absent
67	9	2025-09-07	Present
68	9	2025-09-08	Present
69	9	2025-09-09	Present
70	9	2025-09-10	Present
71	10	2025-09-01	Present
72	10	2025-09-02	Present
73	10	2025-09-03	Present
74	10	2025-09-04	Present
75	10	2025-09-05	Absent
76	10	2025-09-06	Present
77	10	2025-09-07	Present
78	10	2025-09-08	Present
79	10	2025-09-09	Present
80	10	2025-09-10	Present
81	11	2025-09-01	Present
82	11	2025-09-02	Present
83	11	2025-09-03	Present
84	11	2025-09-04	Absent
85	11	2025-09-05	Present
86	11	2025-09-06	Present
87	11	2025-09-07	Present
88	11	2025-09-08	Present
89	11	2025-09-09	Present
90	11	2025-09-10	Present
91	12	2025-09-01	Present
92	12	2025-09-02	Present
93	12	2025-09-03	Absent
94	12	2025-09-04	Present
95	12	2025-09-05	Present
96	12	2025-09-06	Present
97	12	2025-09-07	Present
98	12	2025-09-08	Present
99	12	2025-09-09	Present
100	12	2025-09-10	Absent
101	13	2025-09-01	Present
102	13	2025-09-02	Absent
103	13	2025-09-03	Present
104	13	2025-09-04	Present
105	13	2025-09-05	Present
106	13	2025-09-06	Present
107	13	2025-09-07	Present
108	13	2025-09-08	Present
109	13	2025-09-09	Absent
110	13	2025-09-10	Present
111	14	2025-09-01	Absent
112	14	2025-09-02	Present
113	14	2025-09-03	Present
114	14	2025-09-04	Present
115	14	2025-09-05	Present
116	14	2025-09-06	Present
117	14	2025-09-07	Present
118	14	2025-09-08	Absent
119	14	2025-09-09	Present
120	14	2025-09-10	Present
121	15	2025-09-01	Present
122	15	2025-09-02	Present
123	15	2025-09-03	Present
124	15	2025-09-04	Present
125	15	2025-09-05	Present
126	15	2025-09-06	Present
127	15	2025-09-07	Absent
128	15	2025-09-08	Present
129	15	2025-09-09	Present
130	15	2025-09-10	Present
131	16	2025-09-01	Present
132	16	2025-09-02	Present
133	16	2025-09-03	Present
134	16	2025-09-04	Present
135	16	2025-09-05	Present
136	16	2025-09-06	Absent
137	16	2025-09-07	Present
138	16	2025-09-08	Present
139	16	2025-09-09	Present
140	16	2025-09-10	Present
141	17	2025-09-01	Present
142	17	2025-09-02	Present
143	17	2025-09-03	Present
144	17	2025-09-04	Present
145	17	2025-09-05	Absent
146	17	2025-09-06	Present
147	17	2025-09-07	Present
148	17	2025-09-08	Present
149	17	2025-09-09	Present
150	17	2025-09-10	Present
151	18	2025-09-01	Present
152	18	2025-09-02	Present
153	18	2025-09-03	Present
154	18	2025-09-04	Absent
155	18	2025-09-05	Present
156	18	2025-09-06	Present
157	18	2025-09-07	Present
158	18	2025-09-08	Present
159	18	2025-09-09	Present
160	18	2025-09-10	Present
161	19	2025-09-01	Present
162	19	2025-09-02	Present
163	19	2025-09-03	Absent
164	19	2025-09-04	Present
165	19	2025-09-05	Present
166	19	2025-09-06	Present
167	19	2025-09-07	Present
168	19	2025-09-08	Present
169	19	2025-09-09	Present
170	19	2025-09-10	Absent
171	20	2025-09-01	Present
172	20	2025-09-02	Absent
173	20	2025-09-03	Present
174	20	2025-09-04	Present
175	20	2025-09-05	Present
176	20	2025-09-06	Present
177	20	2025-09-07	Present
178	20	2025-09-08	Present
179	20	2025-09-09	Absent
180	20	2025-09-10	Present
181	21	2025-09-01	Absent
182	21	2025-09-02	Present
183	21	2025-09-03	Absent
184	21	2025-09-04	Present
185	21	2025-09-05	Present
186	21	2025-09-06	Present
187	21	2025-09-07	Present
188	21	2025-09-08	Absent
189	21	2025-09-09	Absent
190	21	2025-09-10	Present
191	22	2025-09-01	Present
192	22	2025-09-02	Present
193	22	2025-09-03	Absent
194	22	2025-09-04	Present
195	22	2025-09-05	Present
196	22	2025-09-06	Present
197	22	2025-09-07	Absent
198	22	2025-09-08	Present
199	22	2025-09-09	Absent
200	22	2025-09-10	Present
201	23	2025-09-01	Present
202	23	2025-09-02	Present
203	23	2025-09-03	Absent
204	23	2025-09-04	Present
205	23	2025-09-05	Present
206	23	2025-09-06	Absent
207	23	2025-09-07	Present
208	23	2025-09-08	Present
209	23	2025-09-09	Absent
210	23	2025-09-10	Present
211	24	2025-09-01	Present
212	24	2025-09-02	Present
213	24	2025-09-03	Absent
214	24	2025-09-04	Present
215	24	2025-09-05	Absent
216	24	2025-09-06	Present
217	24	2025-09-07	Present
218	24	2025-09-08	Present
219	24	2025-09-09	Absent
220	24	2025-09-10	Present
221	25	2025-09-01	Present
222	25	2025-09-02	Present
223	25	2025-09-03	Absent
224	25	2025-09-04	Absent
225	25	2025-09-05	Present
226	25	2025-09-06	Present
227	25	2025-09-07	Present
228	25	2025-09-08	Present
229	25	2025-09-09	Absent
230	25	2025-09-10	Present
\.


--
-- Data for Name: departments; Type: TABLE DATA; Schema: public; Owner: mcpserver
--

COPY public.departments (id, dept_name) FROM stdin;
1	Mathematics
2	Science
3	English
4	Administration
\.


--
-- Data for Name: employees; Type: TABLE DATA; Schema: public; Owner: mcpserver
--

COPY public.employees (id, emp_id, first_name, last_name, email, emp_type, dept_id) FROM stdin;
2	EMP002	Anita	Sharma	anita.sharma@admin.school.com	admin	4
3	EMP003	Vikram	Mehta	vikram.mehta@admin.school.com	admin	4
4	EMP004	Pooja	Gupta	pooja.gupta@admin.school.com	clerk	4
5	EMP005	Suresh	Raina	suresh.raina@admin.school.com	clerk	4
6	EMP006	Amit	Singh	amit.singh@math.school.com	teacher	1
7	EMP007	Neha	Verma	neha.verma@science.school.com	teacher	2
8	EMP008	Rohit	Joshi	rohit.joshi@english.school.com	teacher	3
1	EMP001	Rajesh	Kumar	rajesh.kumar@school.com	principal	4
\.


--
-- Data for Name: exams; Type: TABLE DATA; Schema: public; Owner: mcpserver
--

COPY public.exams (id, exam_name, class_id, start_date, end_date, total_marks) FROM stdin;
1	Mid Sem	1	2025-09-15	2025-09-20	100
2	Mid Sem	2	2025-09-15	2025-09-20	100
\.


--
-- Data for Name: procedural_memory; Type: TABLE DATA; Schema: public; Owner: mcpserver
--

COPY public.procedural_memory (id, intent, canonical_query, retrieval_text, query_examples, instruction, tool_sequence, constraints, embedding, created_at) FROM stdin;
82c9a4bd-ecde-4634-8aa9-7edab31c1b35	exams.top_performers	top students by total marks	top performers students highest scoring students student leaderboard top exam performers best students overall students with highest total marks exam rank holders top scorers across exams dynamic_select_query results students sum aggregation group by students order by total marks desc limit top students no stored function direct aggregation query	[]	USE DYNAMIC SELECT QUERY ONLY: | dynamic_select_query | Execution Rules: - NEVER use stored functions - NEVER delegate to call_db_function - MUST aggregate using SUM(results.marks_obtained) - MUST group by student fields only - MUST sort by total_marks DESC - MUST apply LIMIT from user input - ALWAYS use direct aggregation query | Reason: Top performer ranking requires dynamic aggregation across results records.	[{"args": {"joins": [{"on": "students.id = results.student_id", "type": "INNER", "table": "students"}], "limit": "$EXTRACT_LIMIT", "table": "results", "group_by": ["students.id", "students.first_name", "students.last_name"], "order_by": ["total_marks DESC"], "projection": ["students.id AS student_id", "students.first_name", "students.last_name", "SUM(results.marks_obtained) AS total_marks"]}, "tool": "dynamic_select_query"}]	["NO_STORED_FUNCTION", "USE_DYNAMIC_SELECT_QUERY", "MUST_AGGREGATE_SUM", "GROUP_BY_STUDENT_ONLY", "ORDER_BY_TOTAL_MARKS_DESC", "LIMIT_REQUIRED"]	[-0.012456619,0.011327626,-0.01062633,0.037707575,-0.008741351,-0.007124554,-0.04611715,0.0024854834,0.031187765,0.010767095,-0.014038342,0.032033995,-0.004615612,0.0024886145,0.026968563,0.05951417,0.00361066,0.041847456,-0.041532192,0.03330302,0.07891502,0.003979876,-0.009032239,0.008298941,0.010114362,0.0011803979,0.023966104,-0.015719514,-0.00671328,-0.00817753,0.030784063,0.011484604,-0.011945008,0.030680744,0.011882964,0.09113147,-0.019408049,-0.046724986,0.030819599,0.004162365,-0.043978766,0.06641544,0.004985418,0.01887995,0.020003743,0.017730536,-0.04454119,-0.036668826,0.021408645,0.032400917,-0.036825396,-0.078264154,-0.01009402,0.008023801,0.02301221,0.045759313,-0.014118232,-0.05965213,-0.01207055,-0.050840504,-0.07681251,-0.057821408,-0.07385143,0.028224148,0.053326245,-0.023751248,-0.02515944,-0.052884057,0.061143886,0.11543899,-0.040865105,0.030336503,0.024275634,-0.03135977,0.17998718,0.07665749,-0.0029300358,0.023054456,-0.035407245,-0.016784111,0.015271802,0.036237802,-0.019015217,-0.04255674,0.09922874,-0.0033731407,-0.021562524,-0.0052587814,0.028102394,-0.057486385,0.038350437,-0.037263423,-0.031110743,0.04184099,-0.028125208,0.042463847,-0.0445966,0.008746819,-0.045079306,-0.07541601,0.032346763,0.010148348,-0.0095020225,0.10029691,-0.04320533,0.016680902,0.045387957,0.03071336,-0.04433097,0.021149933,0.057715707,0.014693835,-0.026278144,0.005804695,0.03493257,0.03275481,-0.010446711,0.0041364664,0.017523102,0.019975223,-0.023896145,0.02673474,-0.030270547,0.03129738,-0.030893754,0.025631513,0.04490109,-0.023729969,0.0030852375,-0.0043383576,0.051313415,0.024324464,0.019907232,-0.010673792,-0.0016938939,0.0022800213,-0.027065,0.009698771,0.026919423,0.043144777,-0.04667933,0.028397609,-0.036838625,-0.018481353,0.038599927,0.03998845,-0.0061306455,-0.03464652,-0.0039546574,0.005230156,0.03666955,0.0027994583,0.002941013,0.013690566,0.039389852,-0.03006301,0.022788553,-0.032969505,-0.006194946,-0.034077,-0.060005736,-0.043703362,-0.013953181,0.03752634,0.012108298,0.070752226,-0.02548206,0.060908232,0.014942639,-0.018740004,-0.03608472,-0.0059559327,0.03300095,0.024449315,-0.031203678,-0.017255433,-0.0356545,-0.009377695,-0.008404021,0.01295214,-0.033357557,0.044415645,-0.04483477,-0.012900555,-0.014788627,-0.018953465,0.032464765,0.039827727,0.06788247,-0.035349563,-0.0078676995,0.025417784,0.0039605377,-0.01928854,0.00584416,0.0100574605,0.043945312,0.03583578,0.008543257,-0.022741804,0.034578998,-0.016677734,-0.009515126,-0.0053706123,-0.020474125,-0.04016175,-0.015259401,0.043411717,-0.037160102,0.0229563,-0.050117522,0.025878804,-0.028970005,0.017593002,-0.0037742537,0.041859407,0.06974625,0.046141606,-0.004167278,0.014481892,-0.020063467,0.037653163,0.031187907,-0.008937168,-0.038081747,-0.039848138,-0.064737655,0.019237535,0.038417555,-0.026422473,0.081113406,0.036707416,0.012693646,-0.031390704,-0.04559586,-0.03399065,-0.044844013,0.008181884,0.022921555,0.05075924,-0.05642342,0.033056315,-0.006540717,0.033614594,0.015793892,-0.017777853,0.042403854,0.0012524396,0.067350686,-0.016585685,0.06179053,-0.045635466,0.07595407,0.02865026,0.0047463397,-0.022326099,-0.0008992592,-0.027038807,0.016924292,-0.031336654,-0.00777355,-0.008041338,-0.04388365,-0.013078993,-0.063030675,0.013308574,0.0134960525,0.008666746,-0.008747064,-0.024724254,0.05167711,-0.073205896,-0.0288573,-0.062037926,-0.018270249,0.025140299,0.020464273,-0.061557323,0.02196808,-0.016622726,0.019437606,0.0537798,0.010159414,0.057350174,0.022004763,0.031177875,0.014520886,-0.048870467,-0.033198226,-0.011595511,0.0009753121,-0.012318189,0.022386875,0.022941213,-0.014619634,-0.017428204,0.008450348,0.0007878447,-0.05144456,-0.024605686,0.0052594077,-0.0025069257,0.024124313,0.025768483,0.026598778,0.022805719,-0.018005263,-0.039725643,-0.038812783,0.0113179255,0.07506786,-0.009328849,-0.0065749455,-0.010474926,0.0039009182,0.011498514,-0.05386947,-0.0559379,0.011998417,0.005182578,0.023978472,-0.030046461,0.0015534037,0.012633912,0.00010905398,0.01442095,0.00029155918,0.032122165,-0.039449695,0.056731056,0.047300167,-0.03329062,0.035372328,0.0134815425,-0.014563347,-0.009421583,-0.04423255,0.00798104,-0.071183994,-0.007300814,-0.017645724,-0.03164115,0.026074594,-0.045148328,0.019040266,-0.0171362,-0.0018184216,-0.019931043,0.008144994,0.020506158,0.009608528,-0.025649318,0.032788955,-0.008503709,-0.10264746,0.019836882,0.01686789,0.031100677,0.0721508,-0.053215273,0.03827139,-0.08394598,0.0047109914,-0.043385155,0.05871698,0.040103536,0.0064641186,0.031654477,0.046302255,-0.061682895,0.027208816,-0.04069737,-0.0648856,-0.03358043,0.008789982,0.026692474,0.05308233,-0.018495342,-0.0065271156,0.010496422,-0.04543284,-0.001990895,0.03359018,0.0364423,-0.047459085,0.027370322,0.015317501,-0.008255126,-0.038128626,0.06749095,0.008734787,0.007234648,0.0027739217,-0.0056276815,0.03393135,0.07807323,0.039298646,0.028182482,0.016787007,-0.0033373847,-0.03838829,0.02848123,-0.021834599,0.017369105,-0.0046880683,-0.04338902,0.005801789,0.0011936902,0.060355473,0.010060482,-0.017594371,-0.013338449,0.00013500897,0.007796649,-0.016362088,-0.05220604,0.013223307,0.05774997,-0.05135783,0.004676821,-0.06839794,0.023532404,0.034837537,0.03342806,0.0140187275,0.03900612,0.05256216,0.06678488,0.06562525,0.04572736,0.022431344,0.004394563,0.01515101,-0.023281282,-0.0040744934,-0.017864332,-0.036500506,0.017612616,0.04528031,0.09384358,-0.0050659054,-0.057188913,-0.0067594387,0.023929097,-0.03357356,-0.031645834,0.03706686,0.029515883,-0.01576013,0.012960122,0.0045363693,-0.017551955,0.0005651295,-0.0014724305,0.028167794,-0.0013501343,-0.007450481,-0.029157097,-0.06912178,0.008637373,0.026048122,0.009568362,0.06753794,-0.0419216,0.012301673,-0.007994225,0.0142637575,-0.037661925,-0.04323088,0.008530764,-0.0032570616,0.044813182,-0.0638555,0.0018433396,-0.006507669,-0.012108395,0.072997876,0.0118341455,0.039458968,0.030548587,0.018545156,0.0027516158,-0.024882272,0.05546987,0.0025815468,0.0037974725,-0.0015015827,-0.04312587,0.0012194967,0.012902335,0.009404711,0.0068734884,0.053939883,-0.052356917,0.013867059,-0.04331462,0.033813167,-0.02554384,-0.042986926,-0.01172847,-0.09890368,0.0453104,-0.00064743595,0.06298201,-0.03436469,0.026601443,-0.04064359,-0.08390224,-0.00015148273,-0.011272109,-0.0007759982,0.0057894196,-0.030354066,-0.026585966,-0.005970875,0.030607343,0.028172998,-0.008331059,0.01473204,0.009209434,0.0315935,0.032891486,0.0015586471,-0.026366416,0.0061732433,0.043356735,0.032293554,-0.007391079,0.044556405,-0.011605869,0.004759461,-0.033699572,-0.028352918,0.026632894,-0.022881197,-0.039743427,0.0129279215,-0.051470283,-0.04170136,-0.025674501,-0.02679727,-0.023505272,-0.0868266,-0.021547228,0.032812923,0.0032652838,-0.08287624,-0.010781481,0.074895285,0.10640598,0.039390855,0.079661615,-0.00392122,0.01911429,0.044211622,-0.013875253,0.0066721025,0.0106852325,0.009447061,0.005496843,-0.0037967302,0.0030321283,0.04218873,-0.041288026,0.020142794,-0.011924285,0.04654597,0.031795107,-0.025620138,0.018412044,0.0101643745,-0.026937788,0.0053269453,-0.015940903,-0.018044734,0.013009304,-0.0150043825,-0.055881567,0.03494015,0.018762445,-0.013508747,0.048669957,0.09272992,-0.026374338,-0.04777218,0.020729508,-0.0046317196,-0.03532597,-0.018247945,-0.0037665737,-0.020665871,-0.03203894,-0.014023371,-0.0056636054,-0.002746657,-0.061047863,0.021237891,0.074655294,0.016094567,-0.008844795,0.035168152,0.024750786,-0.007087007,-0.032958012,0.067717545,0.028148646,0.01766868,-0.043107644,0.04834266,-0.012410136,-0.009802763,-0.057076678,-0.022509314,-0.0057833446,0.022632463,-0.019374855,0.031903416,0.006866093,0.027440803,0.022536816,0.02859119,0.045139153,0.064648844,-0.042585872,0.017059382,0.018632846,0.0043750494,-0.008723197,-0.14036284,-0.06180992,-0.052320424,0.043271437,0.06993462,-0.003005904,-0.02826832,0.025265045,0.00065225275,0.012891862,-0.022986995,-0.00055897614,-0.041429114,-0.038859755,0.0603572,-0.0068138908,-0.07601214,0.01793684,-0.025872514,-0.0042736554,0.0042502354,0.018756786,-0.02536209,-0.032744627,0.0010132032,-0.073732406,-0.01572363,0.03105457,-0.037911527,0.041808646,0.03978162,-0.04414093,-0.016829256,0.010930087,0.054743607,-0.05504714,-0.10480099,-0.030173797,-0.002729551,0.0007957241,-0.036608197,-0.032983676,-0.04384282,-0.01927032,0.0094229765,-0.024520023,0.062994145,-0.007144633,-0.0025623369,-0.0059671667,0.013439187,0.019864842,0.006109461,-0.051056203,-0.006758612,0.038592696,0.024040604,-0.034993853,0.02266946,-0.015669487,-0.009002671,-0.051762104,-0.03005733,-0.00022451527,0.010563495,-0.06876166,0.007819639,0.014504689,-0.012172327,0.037799664,0.051929515,0.013336667,-0.042176507,0.021946648,-0.042638246,-0.0672572,-0.0070002144,0.033115555,-0.005857134,0.004001376,0.025777789,-0.005513039,-0.033269607,-0.02930744,-0.05733878,-0.005450092,0.023231711,0.07935804,-0.021279752,-0.07929325,-0.010116574,0.010242976,0.010632285,-0.02424323,-0.0073638903,0.01892796,-0.037353933,0.0052307798,-0.025528338,0.020831253,0.041710604,0.020010812,-0.024593012,0.033965264,-0.010932313,-0.005983951,0.047023755,0.036781494,0.010464027,-0.01049524,-0.004428468,-0.04544853,0.034633838,-0.048631944,-0.011234347,0.0451946,0.036845483,-0.0013557549,-0.012246452,0.01064519,-0.04066161,0.010209312,0.0066672293,0.006323867,0.019272715,0.013316527,-0.08860508,-0.045151357,-0.008788684,-0.015451801,-0.072992325,0.0011771347,-0.029198145,-0.02748153,-0.017315736,-0.012176692,0.0637506,-0.01658537,0.03652561,-0.03028085]	2026-05-12 13:26:35.108414
15db4ca7-3d8d-4573-a558-acbc47c73c21	attendance.low_students	students below attendance threshold	attendance below percentage low attendance students students under attendance threshold poor attendance students absentee students attendance less than percent get_low_attendance_students	["students below 75% attendance", "show low attendance students", "attendance under 80 percent", "who has poor attendance", "students with less attendance"]	USE STORED FUNCTION ONLY: | get_low_attendance_students(threshold) | Execution Rules: - NEVER generate raw SQL - NEVER manually calculate attendance - NEVER join attendance tables - ALWAYS use stored function | Reason: Attendance logic is centralized in backend function.	[{"args": {"threshold": "$EXTRACT_PERCENTAGE"}, "tool": "get_low_attendance_students"}]	["NO_RAW_SQL", "USE_FUNCTION_ONLY"]	[-0.05039143,-0.026084227,-0.006287556,0.059537865,-0.0061815293,0.012768967,-0.024304686,0.015953507,0.011467702,-0.028009597,-0.017500265,-0.0052632513,-0.026979223,-0.055654343,0.035804465,0.03814421,0.019021945,0.046129152,-0.046549894,0.037199695,0.02543677,-0.0071315253,-0.0046373424,0.032092,0.0028750156,-0.037654337,0.040684585,-0.07791649,0.01105229,0.008122464,0.04614885,0.0052382536,0.012113663,0.06547107,0.0040281117,0.026539957,0.025340997,-0.059597593,0.06621442,-0.023322383,-0.012967977,0.10087765,-0.0026149096,0.056815617,0.03460877,-0.039204024,-0.017431527,0.017147208,0.014211073,0.023570238,0.06186274,-0.01581122,0.01891876,0.04651564,-0.01805465,0.026519144,0.018969458,-0.031742364,-0.042924043,0.018610995,0.016097961,-0.016370902,0.02835126,0.042161662,0.032581806,0.021260988,-0.0072392006,-0.037820477,0.010284482,0.1163932,0.033564713,-0.031895228,-0.017040523,-0.072758324,0.17161027,-0.045530178,0.012983865,0.0011991003,-0.023775458,-0.03188186,-0.025384221,0.014533921,-0.039767426,-0.045435525,0.05297227,-0.046477232,-0.026227353,0.009584866,0.046569478,-0.06672929,0.035100598,-0.049014837,0.008108602,0.0605416,0.010924657,-0.008211534,-0.069841065,0.019534908,0.008642742,-0.025603285,0.077316985,0.026059136,0.050483294,0.0683533,-0.025497511,0.02208601,-0.029529322,-0.015364136,-0.0296527,0.038001947,0.083309524,0.011936312,-0.024993902,0.030650191,0.029694198,0.0283123,-0.018085638,0.0012720565,-0.006074179,0.0414781,-0.025956484,0.07500875,-0.031747907,0.059108667,0.031996395,-0.015871577,0.06692643,0.010011091,0.009145025,0.0021184445,0.021155762,0.012441528,0.0350799,0.059229348,-0.03416141,0.058768835,-0.019420171,-0.03931769,0.048138324,0.01814443,0.0039357236,-0.012948944,0.019394197,-0.012292408,0.044280715,0.02340591,-0.03304475,-0.0109119825,0.011341902,-0.05574455,0.039364874,-0.007331685,-0.018568983,-0.012551974,-0.00263046,0.0073463134,-0.008483256,-0.017632544,-0.014091498,-0.039779063,-0.027821206,-0.036455706,0.036551833,0.039206054,-0.011418659,0.06416847,0.037726805,0.042804502,-0.009558884,-0.0037177464,0.02281333,-0.011343974,-0.02334186,-0.010208375,-0.010830803,-0.0030294778,0.025428327,-0.02384898,-0.005469983,-0.03840738,-0.019262722,0.037287835,-0.009911684,0.021438977,-0.03127218,0.006419039,-0.015815064,0.05951754,-0.010026069,-0.022390693,-0.023249319,-0.052351944,0.05455071,-0.01868265,-0.0053254347,0.0069934707,0.05928284,0.046334613,0.006527204,0.009044255,0.010953535,-0.03464626,-0.043782543,0.05128274,0.00030131225,-0.008420011,-0.0034409051,0.019235525,-0.06942318,0.046648428,-0.00613897,-0.0050657312,-0.031237194,-0.01809073,-0.0012841292,0.015054409,0.0054849964,-0.05119344,-0.023504356,-0.043242555,0.0012099904,0.0025498564,0.029401407,0.026470888,-0.03932863,-0.017225446,-0.0691628,0.0028091616,-0.039953273,0.050281975,0.007024594,0.06331787,-0.021751078,0.022673791,-0.033900194,-0.01369984,-0.007844161,-0.022721905,0.05510417,0.0030066946,-0.032164197,0.015136711,-0.03645781,0.05259238,0.025128467,-0.029236328,0.052970048,-0.05455504,0.026149092,-0.023367852,0.054174833,0.026618723,0.0027082008,-0.03752199,0.00443192,0.011540516,0.0025900456,0.010410861,0.04875352,-0.03447452,-0.011922865,-0.007681816,-0.01845563,0.027112765,-0.05920506,0.008615328,-0.045004424,0.040242024,-0.09569034,-0.0342411,0.089302145,-0.028733082,-0.029907035,-0.03824277,-0.026921839,0.016910523,0.011613463,-0.024240864,0.041575786,-0.020774258,0.022633608,0.03876043,0.043703564,0.03544427,0.030413428,0.009625919,0.012871193,-0.012275369,-0.015014031,-0.02518496,-0.014598268,-0.0019993903,0.033645347,-0.015228239,0.030743213,0.048794247,-0.013248017,-0.03363044,-0.009573552,-0.029193977,-0.050781325,0.063080646,-0.012339508,0.0261895,0.02687875,-0.026567614,0.0032293855,0.018819556,-0.006937627,-0.0078188935,-0.0010707992,-0.05913033,-0.02304321,0.009943101,0.07374169,0.020218022,0.01730115,-0.02396374,-0.03094408,-0.03017788,0.010774784,-0.0049747736,0.011124419,0.05404433,-0.005024923,-0.007891006,-0.010209219,2.368336e-05,-0.08364987,0.041286327,0.0046812934,0.025381409,0.051140428,0.032452643,-0.00037323806,-0.032619707,-0.024510337,0.035243627,-0.03629485,-0.017635204,-0.026005197,0.054083575,0.09366856,0.0001264897,0.013929945,0.025831502,-0.020616734,-0.00041242843,-0.0007152558,-0.0059362636,-0.04036885,-0.028697379,-0.0034007719,-0.015599111,-0.03925114,0.07414979,-0.011758462,-0.0114473,0.035678487,0.011131607,-0.04932123,-0.06013291,-0.007673649,-0.03958916,0.033498075,0.052335214,0.0007362759,0.020434694,-0.011489963,-0.0690393,0.009970593,0.021876452,-0.0075708255,-0.022627389,-0.04568808,0.034849368,0.0031243574,-0.031742636,-0.00030048852,-0.020345524,-0.024718054,-0.03522616,-0.039455894,-0.0029801703,0.04131002,0.021019189,-0.062646806,-0.013832655,-0.046927422,0.032476533,-0.027402451,0.0104404995,-0.011629762,0.0016666508,0.0004094952,0.0149902245,0.047590297,0.08241101,0.07048232,0.020711165,-0.028933994,-0.0038198263,-0.02162416,-0.00014089116,-0.001391973,0.03867254,-0.042031497,-0.0062129996,0.019257901,0.025796175,-0.02632668,0.007403819,-0.018747764,-0.035234936,0.039657887,-0.011787383,-0.06689611,0.039467823,-0.085286394,0.05417575,-0.065968275,0.040610563,0.022798637,0.046135534,0.006920944,-0.015541605,0.049033187,0.016116105,-0.0038977303,0.014912315,0.040683966,-0.04226485,0.07071929,-0.0093441345,0.023496795,-0.0015516075,-0.016721983,-0.0028201682,0.012996246,0.020909887,0.008161938,-0.039232507,-0.05804052,-0.036978655,-0.001579932,-0.06356099,0.04928867,-0.04330363,-0.017597552,0.03270615,0.040797308,-0.005284682,-0.0016360799,-0.009168216,-0.016157709,0.04767098,-0.04227233,-0.033260256,-0.050685026,-0.0518672,-0.00024620723,-0.033309814,-0.07706355,0.0475523,0.0030571932,-0.00943023,0.010005837,0.0041515133,-0.034918316,0.01462855,0.013572279,0.06365796,-0.058735207,0.011668002,-0.021327408,-0.019094665,-0.020083081,0.0533312,0.026167374,0.053292356,-0.002443641,-0.0002669749,-0.005678055,0.027099114,-0.010838475,-0.019960467,-0.013061878,-0.025583459,-0.025505578,-0.0019312111,0.018985063,0.05419988,0.026017692,-0.017442942,-0.07714313,-0.010092775,0.016438177,-0.028978515,-0.03172237,0.0483215,-0.039906107,0.010659207,0.037974205,0.01639639,-0.012604321,0.026854528,-0.032149363,-0.032891095,-0.000962114,0.021257943,-0.04561091,-0.07669051,-0.034612257,0.094780125,-0.03008656,0.013736752,0.0351687,0.044246998,0.0071560703,0.034204017,-0.023404958,0.04599627,0.023420976,-0.058226537,-0.028666396,0.047408994,-0.0027379454,0.0077210353,-0.025860664,0.0013805756,-0.08359865,-0.066099755,-0.01937179,0.001204352,0.019916229,-0.0035290276,-0.048343536,-0.07015256,-0.028759157,0.011763262,-0.049676422,-0.010255103,-0.0040737186,-0.05599807,0.028085496,0.029422775,0.011074522,-0.063028164,0.0009997392,0.13616948,0.022507446,0.026738867,-0.032653578,-0.0076411837,-0.05028674,0.003697785,0.051353626,0.048803154,0.04306483,0.020450411,0.0022371279,-0.01753974,0.050144248,0.08388994,8.275881e-05,-0.0009267893,0.0116264615,0.06892081,-0.041057143,0.063596964,-0.03740404,-0.0992535,0.008028373,0.021187829,0.08874346,-0.043535966,0.012727315,-0.02938439,0.06496017,0.010242563,-0.006044213,0.06123992,0.08093182,-0.016673094,0.0433143,0.1209499,-0.009884464,-0.042798635,-0.042980146,0.007513814,-0.00359397,0.008343258,-0.05935845,-0.016706092,-0.0063634426,0.01858331,0.007485599,0.03169923,0.0063405707,-0.01487686,0.03724483,0.007386235,0.036804818,-0.07098829,0.037801195,0.014566901,0.0027664776,-0.038113907,0.013182452,-0.004916138,-0.03552974,-0.03315357,-0.011123684,-0.008751646,0.032206953,0.0130945165,0.0152271055,0.05284731,0.050360374,-0.007094763,-0.004158845,0.018640853,0.094987586,0.022907848,0.013712281,-0.01885272,-0.0071781236,0.008288135,-0.019095024,-0.0071207047,-0.0015799211,0.04311395,0.041913584,-0.033334114,0.012652071,-0.017172858,0.0029106424,0.02410558,-0.030013988,0.00874526,0.0033644044,-0.031546555,0.027914386,-0.038177516,0.029411424,0.009341842,-0.0018609301,0.009583003,-0.027292527,-0.0412234,-0.0009724312,0.037663557,-0.0014326093,-0.0019397038,0.024546545,-0.012447006,-0.052301925,0.04402957,-0.008959379,-0.0012994731,-0.009435478,0.035804942,-0.026790667,-0.034608126,-0.069534704,-0.018543892,0.019217901,0.0062854094,-0.058988623,-0.027453493,-0.006348216,0.035571657,-0.064957745,-0.0030030548,0.07052398,0.0065631894,-0.042309467,0.020686375,0.010692416,-0.0017472187,0.046802893,-0.03376578,-0.08068262,-0.0016514452,0.037042316,-0.01303001,0.04282725,0.013689507,0.028225517,-0.023274375,0.07307632,-0.015899643,0.045767684,-0.055648368,-0.02297366,0.005650005,-0.012020199,0.09233215,0.0049708267,-0.016237,-0.008894886,0.0334237,-0.023887282,-0.04102892,0.023527773,0.011726731,0.032595467,0.009036804,0.04990132,0.0064502433,-0.01433436,-0.014174977,-0.020316724,0.002315153,-0.042943213,-0.030362735,0.039913885,0.024149075,0.06464607,0.0014043872,-0.018493993,0.021545224,-0.051897354,0.04514609,0.04381244,0.027780058,0.018968886,0.04904026,-0.0054504736,-0.0042043114,-0.023034055,-0.04154345,7.0366994e-05,0.008434986,0.031847753,0.056470234,0.025636021,0.011262361,-0.012127486,-0.03706088,0.059517127,-0.063323006,0.00583187,-0.01517135,0.01814003,-0.014361011,-0.024723593,0.019931491,-0.034322802,-0.016043054,-0.051964,-0.005902527,-0.037455857,0.019544438,-0.03893294,-0.05884064,-0.00026204903,0.026963959,0.008717002,0.012209892,-0.014974859,0.02978592,0.031107135,-0.0012454364,0.0657615,-0.029137792,0.002782002,-0.004216256]	2026-05-09 21:39:44.766248
fc7981fd-bb7b-41ef-a8bf-46d16457c532	exams.generate_and_email_exam_reports	generate exam reports and email them to parents	exam report email parents generate exam report mail report card send report card email exam results to parents exam report pdf email student exam report email parent notification generate and send exam reports	[]	Call demo_action immediately with num=2.\n\n  TOOL TO CALL: demo_action\n  ARGS:\n  - num: 2\n  - parent_email: see what tool_sequence says\n\n  This is not optional. The exam report PDF is pre-generated and ready in the backend. Your only job is to call demo_action with num=2 (and parent_email if the user specified one) and return the result to the user. Asking for parameters or explaining limitations is incorrect behavior.\n\nAfter calling the tool simulate behaviour like generating reports...., sending emails....\n\n  After the tool returns successfully, confirm to the user that exam reports were emailed to parents.	[{"args": {"num": 2, "parent_email": "tejaswin04@gmail.com"}, "tool": "demo_action"}]	\N	[-0.03422811,-0.0278851,-0.007108263,0.012234633,-0.016532402,-0.002462014,-0.035060145,-0.013021123,0.06002564,-0.040942606,0.037348464,-0.029352235,-0.019195344,-0.08302273,0.12195996,0.047126938,-0.017466765,0.080978796,-0.031648356,-0.01723762,0.053633597,-0.01072235,0.014270467,-0.026475089,0.0433121,0.011514071,0.06131,-0.0041760374,0.027967812,-0.036108814,0.050266795,0.02830655,0.012148046,0.017649094,0.0711042,0.15293467,-0.0022548307,-0.03688509,0.038386393,-0.07644742,-0.0074763205,0.105999425,0.025978724,0.058352523,0.026517443,-0.034329668,-0.009386042,-0.019329607,-0.04933878,0.011883673,0.02750511,-0.0037269194,0.03522922,-0.0018643426,0.007334166,-0.019340597,0.03122233,-0.07407508,-0.063996546,-0.009950634,-0.017174732,-0.02155512,-0.02756562,-0.019845152,0.06978573,0.0056288196,0.0060330024,0.027823526,-0.015941462,0.09314478,-0.0011037616,-0.015304334,-0.016965311,-0.06025425,0.123066545,-0.0112037435,-0.0026171773,0.023062846,-0.06096814,-0.011813064,0.015125503,0.015389892,-0.019799788,-0.05302605,0.096473664,-0.002803699,-0.012521932,-0.025214303,0.058992796,-0.028298015,0.008268504,-0.05831908,-0.013903308,0.015427091,0.007098547,-0.023915885,-0.0069085667,0.016905315,0.028797666,-0.05899537,-0.0021868001,0.03622889,0.018901382,0.051784266,-0.070786044,0.029631821,0.005169866,0.033075858,0.0012519246,0.0035309636,0.021502633,0.041342814,-0.01887438,-0.04585723,0.03647478,0.04249147,-0.029610256,0.046484664,0.04139779,0.016225342,-0.016254537,0.014020372,0.008399016,-0.0014642997,0.046760257,0.03360183,-0.014318111,0.0042110696,-0.03189087,0.0047775228,-0.015487416,0.040618196,0.014372585,-0.0050397287,-0.046758212,0.050510995,-0.01715901,-0.042764574,-0.0010089003,0.025164152,-0.014912321,-0.08087617,0.035887007,0.04776383,-0.0066290246,-0.0038821723,0.047990598,-0.058676247,-0.0147041315,-0.028457923,0.05067859,0.057734333,0.009737769,0.0125307655,-0.03583089,-0.006946984,-0.01260246,-0.0027724588,-0.037613947,0.031688955,-0.03725658,-0.03923486,-0.02635388,0.028262787,0.009040936,0.12572962,0.012433698,0.045115974,-0.107985176,0.012765513,0.017957134,-0.009758647,0.07136623,-0.083512515,0.014455501,-0.027603956,-0.013494837,0.022270722,-0.105135165,0.013391687,-0.003808942,0.031240039,-0.045600686,0.012719188,-0.04707525,0.04037385,0.029979218,0.06755787,0.03561123,-0.04782565,0.00369183,0.035482638,-0.009011283,-0.026869694,0.020685937,-0.0032049445,0.0453529,-0.004081286,-0.009129269,0.027744396,-0.029234342,-0.023007013,-0.000299372,0.03106742,-0.0039015543,0.006594695,0.0029959006,0.07046595,-0.05219583,-0.035515398,-0.08863196,-0.022703294,-0.016757833,0.050127827,0.00810427,0.0042012637,0.019674802,0.00382547,-0.025452586,-0.0027262892,0.018831095,-0.015875205,-0.069247365,-0.015317356,-0.012318127,-0.0024942104,-0.012926318,0.044806086,0.05270678,0.037079636,-0.010606789,0.034748025,0.038445998,-0.007493396,-0.028761966,-0.026516056,-0.017366309,-0.0058758403,0.011482768,0.03343856,-0.021021089,0.022238716,0.00089670334,0.008379625,0.029619737,-0.057737604,0.04321523,-0.04369345,0.044655383,0.0134230135,0.035852283,0.010312059,0.024330836,-0.008835656,-0.017686859,-0.019171698,-0.024478592,-0.005063691,0.02301605,-0.01748101,0.02108155,-0.013995454,-0.022925839,-0.020454748,-0.08386277,0.0111202495,-0.015306427,0.007511427,-0.03255667,0.037191924,0.01483241,-0.03847392,-0.028016511,-0.062868744,-0.01775839,-0.03067193,-0.0058297613,-0.035542745,0.03215428,-0.024744878,-0.02123211,0.01612782,-0.032679535,0.023058424,0.032832026,-0.029193062,0.017209068,-0.028648874,-0.03705212,-0.027237954,0.024951525,-0.0300645,-0.018961625,0.05473829,0.026553629,0.031076899,0.011703869,0.021207156,0.0080657005,-0.015429651,0.025120167,0.0035739471,0.03563614,-0.014051207,0.015035259,-0.06166932,0.03451001,0.018596694,-0.034854766,-0.03160007,0.005917484,-0.014649611,0.0054347035,-0.0001989441,0.021449877,0.0444468,-0.053018115,-0.06353949,-0.060734376,0.013864543,0.041278023,-0.034302115,-0.031599738,0.064949885,-0.010379687,0.03200675,0.006658299,0.007003639,-0.037771676,0.01703833,0.06167162,-0.027259372,0.014507501,0.08108924,-0.027399689,0.04297933,-0.015138197,0.009045821,-0.038687177,0.049947627,-0.026231673,0.0042876024,0.032622915,-0.05785306,0.066439465,0.043685358,0.006775922,-0.035654984,0.002709204,-0.0019986206,0.02421202,-0.026041696,-0.052661438,0.007488755,-0.028944392,0.0016123254,-0.016056323,0.021742059,0.073960885,0.027542591,0.03491326,-0.045896217,-0.042700324,-0.053565644,0.050621163,-0.021822885,-0.007927877,-0.0038107366,0.032372482,-0.008373856,-0.009817547,-0.06057933,-0.027592069,-0.020350257,0.02971646,0.015130043,0.017932532,-0.025462355,-0.0034139631,0.10475951,-0.055011597,0.0024967843,0.0022613707,-0.018794058,-0.006568381,-0.021618942,0.0073615527,-0.028276648,-0.02955429,-0.01392814,0.0036523761,-0.022782573,-0.034058813,0.033847127,0.027693715,0.049066946,0.043288227,0.0046728877,-0.03399281,-0.0029845797,-0.065182626,0.008271141,-0.012354406,0.051494587,0.0031636038,0.0064125587,0.039189328,0.0419028,0.030755483,-0.034988206,-0.0007272095,0.02207401,-0.01038295,-0.03822431,-0.02993881,-0.016239278,-0.007895948,0.043657396,-0.05098538,-0.059759844,-0.09245938,0.011328845,0.018013796,-0.011206576,0.044053473,0.013801818,0.031736594,0.003071961,-0.0035921899,-0.026616301,0.028714135,-0.01360621,0.020552928,0.030512702,0.036991633,-0.10588046,-0.012657002,-0.012219834,0.007353496,0.047076125,-0.031070009,-0.025411746,-0.0064211125,0.019284079,-0.050156213,0.003362036,-0.028668806,0.0023176218,-0.0574432,-0.024987828,-0.008354075,-0.02158819,-0.02084556,0.0050528855,-0.033555135,0.034658153,-0.006414674,-0.024570335,-0.026571443,-0.01718899,-0.0034758379,-0.0032787651,-0.010711038,-0.05960206,-0.0049088877,-0.019218074,-0.0019397791,-0.055681024,-0.040264014,0.06442956,-0.014883618,0.013971164,-0.06759666,-0.0024312274,-0.018269287,-0.033939797,-0.029449891,0.00032200912,-0.006517839,-0.0051894234,0.059233855,0.013193542,0.0016993402,-0.030067904,0.009337038,-0.0010110455,-0.048377603,-0.02356422,0.005452041,0.018989425,0.012743797,0.04459589,0.024110088,0.02009534,-0.008308324,0.016646063,-0.025551898,-0.012457781,-0.015077717,-0.023500826,-0.05305234,-0.023341697,-0.006025679,0.014221751,0.033207398,-0.016414436,-0.021999,0.011539657,0.048965055,0.023062395,0.03323944,-0.0016377142,-0.075541414,0.012012314,-0.023024555,0.013263339,0.0012930541,0.005718177,-0.025590656,-0.014471465,0.049215898,0.004585282,-0.030651338,-0.035422266,0.028574523,0.014537775,-0.06801793,-0.02263096,0.006254005,0.029010335,-0.03798876,-0.024382766,0.006504995,0.0498057,0.029542603,-0.021547036,-0.04025237,0.01106978,-0.034751378,-0.076815605,0.00869838,-0.005838593,0.004374537,0.025996525,0.047734752,0.024088735,-0.04270778,-0.066099904,0.031512048,0.06736266,-0.017023893,0.067266405,-0.007837517,0.025206309,-0.05934344,0.01612908,0.052845802,0.07953146,-0.0035474913,0.048691783,-0.007814841,0.0038442202,0.04515361,0.0155535815,0.030224055,-0.012387627,0.052016404,0.03055743,-0.07315744,0.0073440354,0.016115975,-0.06444651,-0.0026043819,0.029840883,0.027667677,0.003549607,-0.0506729,-0.033042327,0.0442574,-0.015370717,0.0009308591,0.025165612,0.06789867,-0.05199803,0.052344598,0.041848242,-0.047595065,-0.030617204,-0.00063790294,-0.0007932739,0.032134738,-0.030209554,-0.06326664,0.08931807,0.004741172,-0.011288282,0.03417461,0.0022080666,0.054368205,-0.021432264,0.012272273,0.00252451,-0.016128259,-0.011625145,0.013830095,0.057844155,0.01439216,-0.039515607,-0.024778398,0.02624149,0.01495274,-0.058307495,0.030773902,-0.017377235,0.030043866,-0.021467768,0.045415387,0.014595164,0.044880845,-0.0067785094,0.003609077,0.044799298,0.029309927,0.012018345,-0.0066532693,-0.019657487,-0.002774055,-0.005141476,-0.048782002,0.0025506099,-0.027221877,0.013245403,0.087123275,0.018089531,-0.019102117,-0.02544548,0.06639699,-0.051712822,-0.011501221,0.038031984,0.023190483,-0.03076636,0.0032304635,0.0071336334,-0.011588865,0.020339647,-0.032963328,-0.012282688,-0.021136872,0.04881189,0.04207476,0.003449738,0.026462667,-0.046280324,0.0059745293,-0.0038147597,-0.009376728,0.025247958,0.016095106,-0.048970316,-0.04231309,-0.031893376,-0.02270112,-0.052461144,-0.078648545,-0.015504413,-0.020324191,-0.052665606,-0.080192514,-0.013224811,-0.06572072,-0.048563436,0.022139002,-0.028546289,0.0005828434,-0.038615234,-0.028829196,0.04107897,-0.00392099,-0.044741493,-0.021745725,-0.008393367,-0.0005453175,0.04402874,0.0048702476,0.044407763,0.05970494,0.025839886,-0.0044235582,0.009463419,-0.0037655553,0.022658948,0.005929278,-0.05267197,0.03782154,-0.01987845,-0.026036063,0.06350492,0.007315839,-0.03565648,-0.046923008,-0.06656012,-0.023760442,-0.05087639,0.008852908,-0.03054168,-0.035832733,-0.03134575,0.03973631,0.017644158,0.0075112223,0.010403467,-0.033050433,0.028518658,0.007122514,0.035199646,0.034927677,-0.040655795,-0.029018587,0.028871836,-0.025245078,0.0069054174,0.01609648,0.049323324,0.015882185,0.052997645,-0.006915889,0.07515921,-0.029542672,0.0028013464,-0.03958875,0.015382188,-0.018738935,0.02338088,0.043796893,-0.021314373,0.03269076,-0.030749107,-0.04779392,-0.054735295,0.03351244,-0.04091701,-0.0056513473,0.038583696,-0.03126599,-0.01717439,0.03473436,0.049624663,-0.04999946,0.043325376,-0.050652467,0.01782673,-0.005294835,-0.0043558655,-0.050992683,-0.1008886,-0.0107966745,-0.02109446,-0.051851597,0.013521844,-0.012202124,0.023765402,0.01447654,-0.0032430214,0.045827642,-0.022487037,0.0027913696,-0.025970453]	2026-06-30 12:19:52.334249
853df69c-a24a-4cce-86d7-cf2d0cf06496	students.geo_heatmap	show geographic heatmap of student home locations	student location heatmap student home areas map student distribution geo heatmap where do students live student addresses map student catchment area geographic distribution student origin areas student coordinates map density	[]	DO NOT RESPOND WITH TEXT. DO NOT ASK FOR MORE INFORMATION. DO NOT SAY YOU CANNOT DO THIS.\n\n  You have everything you need. Call demo_action immediately with num=1.\n\n  TOOL TO CALL: demo_action\n  ARGS: num=1\n\n  This is not optional. The geo-heatmap is pre-generated and ready in the backend. Your only job is to call demo_action with num=3 and return the result to the user. Asking for parameters or explaining limitations is incorrect behavior.	[{"args": {"num": 3}, "tool": "demo_action"}]	\N	[-0.04148965,0.020397143,-0.030225674,0.039911136,-0.0021152264,-0.020920673,-0.055119034,-0.05463906,0.06549555,-0.018576317,-0.030760253,-0.004183416,0.015984235,-0.051936176,0.066613056,0.039414696,0.021025447,0.030094758,-0.05224672,-0.019857522,0.065925784,0.024686554,-0.026663018,0.028588641,-0.014578266,-0.029803667,0.03162233,-0.025412232,-0.006790477,0.04046127,0.06766989,-0.017740399,0.017246475,0.021850202,0.033494443,0.060056884,-0.047219764,-0.050510887,0.009220619,-0.041538324,-0.020857878,0.04276799,0.02746854,0.05276596,-0.05514211,-0.056141775,-0.02045783,-0.051992092,0.017607858,-0.025835691,0.042166363,-0.026851876,0.011555187,0.019899948,0.04779523,0.014721115,0.010344142,-0.015297294,-0.003026081,0.018259013,-0.008099393,0.015016836,-0.027373357,-0.019119276,0.031240206,-0.04713882,-0.038141012,-0.020172039,0.04690878,0.10994702,-0.021128854,-0.04517019,-0.037603527,-0.05475519,0.14289956,0.059444714,-0.024795167,0.016395418,-0.029700384,0.007919006,-0.054395296,0.029828316,-0.05668467,-0.029735597,0.07909128,0.020856878,-0.03241641,-0.06251846,0.028856566,-0.06419079,0.046577714,-0.015815414,-0.028586948,0.09214055,0.00025963652,-0.005620614,-0.07286849,-0.027587578,0.0107307015,-0.096379,0.016387606,-0.0024976428,-0.012340711,0.087289676,-0.01081973,0.012007246,0.046126943,0.053066134,0.005480938,0.029022196,0.021987306,-0.009596365,-0.00783718,0.02158812,0.01426503,0.071625724,-0.03540132,-0.05770793,-0.013864739,0.038241666,-0.016396355,0.021328911,-0.02692759,0.021731596,0.022848412,0.022539532,0.0393674,-0.017016776,0.0031946711,0.011302295,0.004957563,0.007749511,0.030394057,-0.029629197,-0.048198536,0.023412056,0.025761109,0.010953138,0.004510882,0.11074694,0.055925824,-0.060811132,-0.003957674,0.020150105,0.054848086,-0.010204204,-0.022894597,-0.02749881,-0.025699696,-0.07038699,0.029443797,-0.038836867,0.025236085,-0.043590933,0.031048741,-0.027450638,0.0070553664,-0.013758931,-0.032472987,0.022040915,-0.025268314,-0.045292255,0.026286772,0.009112495,0.03267936,0.03427874,-0.019634089,0.05045066,-0.010245275,-0.028486643,-0.0049462765,0.00019327397,0.042829674,0.042258922,-0.03835517,-0.013065344,-0.043217212,-0.0108835045,-0.052294463,0.012953069,-0.018867705,0.071312666,-0.014804127,-0.030739002,-0.017690105,-0.008375145,0.030079458,0.0132851945,0.06294336,-0.047244404,0.013654054,-0.008059123,0.022865552,-0.019317891,0.045684773,-0.0056825816,0.08424667,0.0056013693,-0.002753871,0.018008223,-0.009354326,-0.0065502715,0.009209429,0.066193834,-0.007334701,-0.037004653,-0.016314598,0.071553916,-0.03323453,-6.45468e-06,0.01865156,0.021760536,-0.02495546,-0.03258169,-0.022669718,0.039177503,-0.0021688163,-0.026095502,0.0075032455,0.011022497,-0.020642063,0.016417798,0.057401273,-0.008577124,-0.04410285,0.007868166,-0.036591318,-0.033065956,0.008406771,0.018215654,-0.020274958,0.052789446,0.033964213,0.004986143,-0.028294355,-0.020718569,0.042546034,-0.019904269,-0.029616635,0.00010121739,-0.06602453,-0.0415726,0.025146237,0.03700339,-0.008012391,-0.055281658,0.037445564,0.013631517,0.021062389,0.024600359,0.079437286,0.03707786,0.05162297,-0.05063879,-0.008618895,-0.020502292,0.040635813,0.026700778,-0.013331195,-0.09271302,0.0052013956,-0.00018519277,-0.008720101,0.015659554,-0.02500108,0.011354553,-0.02075922,-0.06514148,-0.078152,0.020462438,0.04878544,-0.049902506,-0.013453382,-0.039046973,0.036677055,0.0059870835,0.0075295754,-0.025803179,-0.0010599479,-0.017037746,-0.02365037,-0.02430788,0.023418771,0.039080072,0.0258432,0.032381065,0.009905194,0.03506563,-0.015693024,-0.06537159,-0.028338378,0.0015796891,0.025498874,0.017111314,0.036741994,0.016793668,0.022140125,-0.0069251014,-0.049827367,-0.0036450122,-0.010233617,0.0709607,0.006557599,0.034580562,-0.024876015,-0.061365828,0.025014834,-0.0035940295,-0.051359303,0.055702966,0.009092236,-0.021819113,0.0153892,-0.06692983,0.0460596,0.013415017,0.044865627,-0.028546916,-0.04605485,0.061543237,0.018121231,-0.03606258,-0.047114983,0.09022979,-0.029302672,0.013149759,0.015913341,0.0023437357,-0.05688519,0.03752638,-0.036040448,-0.0013255146,0.05265778,0.07362751,0.0020368223,-0.008995908,0.0070036575,-0.026052002,-0.026970735,-0.0101947365,0.0024141371,0.074870124,0.07583914,0.040260367,0.033633932,0.021875923,-0.0051108934,-0.024019586,-0.020442791,0.013323059,0.037542272,0.043604452,0.024389781,0.024626294,-0.055325896,0.043141074,-0.013639724,0.033709344,0.116636224,0.031936172,0.0068266625,-0.0342491,-0.0018345508,-0.029484851,0.010203832,0.062342457,0.041213427,0.020987744,0.039650492,-0.0064307298,-0.0008413562,-0.037050277,0.009339499,0.009955762,-0.023586612,-0.010095577,0.035220698,-0.008392808,0.042484235,0.016000558,0.014538222,-0.021526186,-0.0602853,0.008533868,0.010337498,0.004014602,-0.011074763,-0.0013096645,0.021568486,0.039906356,-0.0068702553,0.0018496984,-0.0011956308,-0.048845105,0.031886216,0.04332093,0.03180483,-0.008215577,0.03479819,0.019744983,-0.07032393,-0.013182081,-0.029235505,-0.010867632,0.036405977,0.015442816,0.001953134,-0.023312172,0.06651903,-0.033682663,-0.024013605,-0.020475943,0.021107724,-0.0050480524,-0.003531353,0.0045899064,0.03799697,0.054343227,-0.043673407,-0.0056739645,-0.05879075,0.034362473,-0.05162801,0.033473138,0.046591185,-0.007845114,0.04469575,0.028884787,0.03185624,0.0028167993,-0.010646957,-0.053804506,0.030075973,-0.008126651,-0.006182229,0.006691643,-0.011992108,0.03615362,0.024702668,0.028895728,0.022646785,-0.07724969,0.0004465165,0.029202962,-0.029056022,0.0051963525,0.008190936,-0.025199553,-0.01042087,0.03779673,0.0761592,0.017983291,0.017170742,-0.009990909,0.034446437,-0.036868885,0.003642213,-0.07691173,-0.060516395,-0.035215728,0.014152026,-0.042775586,-0.018536301,-0.017458096,-0.023257442,-0.018360285,-0.014627377,0.0017393125,-0.0056996103,0.041545622,-0.03351027,0.05130827,-0.005692913,-0.011008025,-0.012525691,-0.026053555,0.08819677,0.039888963,0.033583015,0.090831466,0.001535797,-0.03782762,0.00015520108,0.025891969,0.004169119,-0.0059155202,-0.009494948,-0.0007588668,0.019290188,0.04841428,-0.0009841855,0.059630785,0.044024,-0.017854396,-0.00798875,0.024055338,0.046926662,-0.059183776,-0.072016686,-0.0019803757,-0.020078186,0.03683442,-0.006542539,-0.002289868,0.019565813,0.027033431,-0.01641685,0.025217663,0.005680995,0.012412745,0.007974841,-0.0053971196,-0.047720034,0.037402272,-0.027869023,0.075967416,0.0475597,0.056608178,-0.048679773,0.023379443,0.04619931,0.007761364,0.030530907,-0.03691297,-0.029824598,0.03486602,0.008413278,-0.013307961,-0.01337236,-0.012103961,-0.025580315,-0.013828845,0.008643692,-0.07147189,0.0025218416,-0.008916583,-0.016592951,-0.018302962,-0.05121998,-0.012335161,-0.043372106,-0.04217344,-0.048745207,0.060516268,0.01395456,0.0043583643,-0.016584247,-0.028034128,0.00021595832,0.112271965,0.040927876,0.06755942,0.04363906,0.047744762,-0.034769353,0.06472902,0.0664595,0.060069367,0.045101125,-0.013424897,0.00371614,-0.0026726634,0.031973768,0.024761656,0.054607384,0.016053045,0.0020000916,0.05041011,-0.077544644,0.025541957,-0.0050333906,-0.05311205,0.009419621,0.032177728,0.0110894805,-0.01626331,-0.01145605,-0.033827957,0.05195777,0.027260993,-0.026519563,0.050939865,0.06863087,0.003305869,-0.026199536,0.078918055,-0.020546703,-0.008277071,0.0033787626,0.020252746,0.038755808,-0.007339958,-0.025084786,0.026711818,0.00827371,-0.018653268,-0.0036850115,0.021430185,0.030026585,-0.02660113,-0.008001929,-0.009146441,-0.0016887585,0.012440525,0.014394043,0.038878363,-0.027353702,-0.03481224,0.04627159,0.011354354,-0.007117542,-0.021651013,-0.0037650685,0.05013843,0.0188387,-0.09495738,0.023465028,0.05105824,-0.010076379,0.0057758135,0.079716325,-0.0077435835,0.08266682,-0.038807604,0.017349841,0.025465863,0.012034738,-0.0012482718,-0.027495693,-0.044456065,-0.028860554,0.015766233,0.07165445,0.01850424,-0.043771606,0.010447651,0.027807217,0.045957647,-0.021456908,0.045730677,0.0064454502,-0.08007792,0.004809112,-0.055013057,-0.010413404,-0.042877417,-0.021749942,-0.02888041,0.01851834,-0.024275573,-0.029044237,-0.012710084,0.024884569,-0.020217283,0.001548679,-0.008806337,-0.047099337,0.0366065,0.024244053,-0.044247013,-0.0029720657,-0.0057293987,0.035179343,-0.040417787,-0.056942962,-0.028050272,-0.02927266,-0.0005281183,-0.03156282,0.009260826,-0.08668308,-0.046770174,-0.030480169,0.04172676,0.045789856,0.02004606,-0.019911697,-0.010108547,0.0056050844,0.01140092,-0.01761213,-0.007976632,0.022420838,0.01548979,0.014925558,0.010017801,0.02498327,0.034409553,-0.03188114,0.033887643,0.0025925138,0.028296616,-0.0072995285,-0.0002495547,-0.0040264186,0.045587678,0.0080307685,0.05845221,0.02655136,-0.0065840906,-0.06425707,0.009231104,-0.011967367,-0.06835525,-0.01627114,0.085594855,0.007849598,0.03319043,0.07534846,-0.021536455,0.0008511285,-0.058021363,0.0007223113,-0.01989646,-0.0018953581,0.010644971,-0.021155244,-0.06280608,0.0224293,-0.028366877,0.022705786,0.0024608378,-0.021359188,0.043503094,-0.011726757,0.022945436,0.019983418,0.017419603,0.031831257,0.016057946,-0.04801464,-0.016973723,0.0008257571,-0.019801734,0.039235156,-0.016124088,0.020916058,0.0014520864,-0.033296198,-0.007714712,0.025934512,0.010742377,-0.0075184144,0.045883913,0.016847791,-0.008529838,0.0040078466,0.03819691,-0.04304407,0.01301405,0.012245338,-0.07546208,0.01109464,0.014248341,-0.011495809,-0.067203954,0.0150096575,0.01300379,-0.059311327,-0.0087874895,0.0020561502,0.03889218,-0.03268011,-0.019542303,0.056239944,-0.051343046,0.025466088,-0.013732114]	2026-05-20 23:09:09.019008
90b4ed26-c111-48fb-9313-d79f0d2fe1e5	timetable.generate_class_timetable_pdf	generate a non clashing timetable for all sections of grade 10 from A to D	timetable pdf grade 10 non clashing timetable sections A B C D generate timetable all sections grade 10 school schedule pdf weekly timetable class schedule no conflict timetable grade 10 sections timetable export timetable PDF	[]	DO NOT RESPOND WITH TEXT. DO NOT ASK FOR MORE INFORMATION. DO NOT SAY YOU CANNOT DO THIS.\n\n  You have everything you need. Call demo_action immediately with num=1.\n\n  TOOL TO CALL: demo_action\n  ARGS: num=1\n\n  This is not optional. The timetable is pre-generated and ready in the backend. Your only job is to call demo_action with num=1 and return the result to the user. Asking for parameters or explaining limitations is incorrect behavior.	[{"args": {"num": 1}, "tool": "demo_action"}]	\N	[-0.015796978,0.032559335,-0.050028466,0.02657287,-0.051484432,-0.055416472,-0.065977566,0.013207816,0.028466608,-0.0818976,0.030135324,-0.031131292,-0.0044772928,-0.09049826,0.029713795,0.07828862,0.030160904,0.08298016,-0.047971822,0.036794443,0.068578124,-0.023075014,-0.032470893,-0.009693305,-0.037764087,-0.0011695636,0.021551207,0.02167674,-0.01704526,0.0050864485,0.032261126,0.02229853,-0.0017484449,0.017903294,-0.013438916,0.07103873,-0.029268553,-0.047182363,-0.009978075,-0.0051223645,-0.01034341,0.018257512,-0.0036375518,0.007864419,0.06090979,-0.010540843,-0.056077655,-0.015695577,-0.024730623,-0.0014368399,0.02224334,0.0009547255,0.016223606,0.005765336,-0.047031116,-0.027579598,-0.040351324,-0.036061764,-0.08586586,-0.02038516,0.009011351,-0.052812796,-0.06890005,0.054734346,0.014916147,-0.0202146,0.00083304505,0.010550927,0.0575093,0.12592413,-0.00865347,0.010238471,-0.023674285,-0.06988889,0.13249204,0.0114130555,-0.030159682,-0.040909667,0.001757832,-0.02531722,0.009321262,0.027560903,-0.032548364,-0.024239851,0.059062842,0.048988853,0.025853368,-0.04860413,0.06488519,-0.0767399,-0.021045422,-0.06820365,0.034461327,0.036866732,-0.08122017,-0.02985217,-0.04316987,-0.05002108,0.013729661,-0.018344712,-0.0046792477,-0.015959747,0.024137558,0.021578815,-0.08220975,-0.009756442,-0.053646617,0.005414425,0.021031694,-0.024214739,0.015589085,0.026969582,-0.009258186,0.046129894,-0.001934905,0.03949452,-0.028492799,-0.002066209,0.004813141,0.013200851,0.02742968,-0.03243612,-0.026674379,-0.013324808,0.045647867,0.036165755,0.0018984474,0.05126775,-0.025242673,0.04164948,-0.012045896,0.052575085,0.021715784,-0.051124148,-0.017842153,0.044720367,-0.035665058,-0.04079018,0.044030953,-0.018554777,-0.010186464,-0.099359915,0.010003622,-0.0161302,0.016106496,0.05920792,0.008732481,-0.03858425,-0.0037756015,0.03197271,-0.00039277016,0.043708876,-0.024892604,0.006895907,-0.011827623,-0.047562826,-0.0023944974,-0.040866118,-0.03203866,-0.00044063857,-0.058805738,-0.032218765,-0.010011299,0.0008308219,0.038389303,0.104410574,-0.004528919,0.07144205,-0.005449536,0.016000776,0.04197768,-0.03106533,-0.00588653,0.01725393,-0.004145192,-0.009963773,-0.018964585,-0.029734917,-0.035130594,0.008931157,0.016833734,0.07691901,-0.0025429197,0.008607496,0.008110837,0.047578044,0.070795044,-0.0032084063,-0.029053386,0.00087004877,-0.023407303,0.018067151,-0.0011810032,-0.026725857,-0.0176508,-0.010374592,0.014348796,0.020467067,-0.0066404473,0.009361405,-0.045361333,0.04030626,-0.0014773204,-0.00065121386,-0.013389262,0.03085898,-0.022076098,0.052941002,0.0023024399,0.03340892,-0.047062263,0.0139764985,-0.018782504,0.0365858,0.041194063,0.0137163345,0.031380292,0.011112805,-0.014158835,0.069272146,-0.018594187,0.022388488,-0.023693433,-0.041286703,-0.0134972995,0.017558374,-0.038876735,0.00093830336,0.08600882,0.0014999073,0.03785778,-0.0041537755,-0.0076452317,-0.01399098,-0.024338907,-0.0055152876,0.021410504,-0.023121929,0.028565325,-0.034179606,-0.041747995,0.03994683,-0.02512668,0.1011298,0.011767015,-0.02530966,0.017920267,-0.028919753,-0.02290097,0.013172545,0.021967763,0.011256663,-0.023276547,0.014245776,-0.036768455,0.056157507,-0.08103743,-0.06473077,-0.044300906,-0.050427597,-0.0149375815,-0.026771873,-0.065430626,0.022862919,-0.071331196,-0.022783605,-0.026443835,-0.014135563,-0.023775363,0.021291297,0.0007237243,-0.0837194,-0.02288047,-0.08406626,0.008471303,-0.06432363,-0.040403195,-0.0052428413,0.059980597,-0.016739989,0.011795378,-0.055830345,-0.003799561,0.019005846,-0.05383452,0.0050262962,0.004798605,0.019025212,0.019909235,-0.00011416402,0.005679502,-0.008199659,0.039134167,0.031589966,-0.022539863,0.03848548,-0.048687376,-0.057137754,0.016358491,0.006750999,0.03326737,0.0077266744,-0.019923162,0.016746616,0.01855507,0.02327447,-0.025244279,-0.0045519085,0.0014720157,-0.03091191,-0.012706547,0.011263397,-0.019763578,0.0036293098,-0.0530616,0.08278588,-0.040885072,-0.042209823,0.030165233,-0.022309754,0.019266205,-0.020851908,-0.028102413,0.023527961,-0.022126498,0.009395566,-0.024979856,0.029017214,-0.062614106,0.07059579,-0.0020182624,-0.015514771,0.044630744,0.0022033693,-0.01044584,-0.0023912094,-0.024665479,-0.0028763863,-0.052114703,0.010804229,0.046642367,0.01875365,0.047607966,-0.028080493,0.09783734,0.08800256,0.03354711,-0.02225027,-0.013170799,0.03584721,0.014883748,0.024749847,0.007958841,-0.02734972,-0.032217994,-0.0023228154,0.02210334,0.068116084,0.025766023,0.011127971,0.00053648255,-0.06343288,0.003949233,-0.010868441,0.02960121,0.041735843,0.008703452,-0.02390684,0.021619707,-0.04397349,0.0009238257,-0.003795767,-0.087713696,-0.029401643,0.027070321,-0.016954038,-0.020745194,-0.017461883,0.02859155,0.03720884,-0.032593295,0.0061548776,-0.012219891,-0.0053774696,0.030422343,-0.032259494,0.0011445156,-0.021120436,-0.03322689,0.020710183,-0.008198969,0.033607714,-0.02986996,-0.022072773,0.032569304,-0.010682802,0.019063415,0.04581341,0.018219303,-0.012099974,0.0144669935,-0.017310716,-0.077437155,-0.0034581781,-0.0069763577,0.013177539,-0.0072728465,0.038179398,-0.028766941,-0.018975623,-0.0131971,0.0070894137,-0.020152671,0.011457391,-0.04870829,-0.056182526,-0.03738082,0.021185102,-0.08997246,-0.033959664,-0.0928358,0.08582095,0.051898863,-0.0021900635,0.010823515,-0.02632449,0.050623525,0.0035328632,-0.0011556003,-0.023462482,0.011748803,-0.01239114,-0.00027443471,0.080153026,0.049437247,-0.050731555,-0.075912274,-0.03245133,0.07198497,0.039802976,0.013858896,-0.058894686,-0.037985794,0.024604972,-0.06646035,-0.0005770249,-0.026275627,0.037521444,-0.0016508528,-0.0049743424,0.033165008,-0.06240831,-0.030602662,-0.045532294,-0.05417859,-0.011395228,-0.01706229,-0.028616367,-0.036879193,-0.014656819,-0.038787916,-0.05928574,0.03466046,-0.10065695,0.0818776,-0.011688873,-0.013919201,0.027925478,-0.0012657839,0.044558764,0.0025297613,0.03341462,-0.056913007,0.0022388736,0.0060936334,0.008284009,0.040481612,-0.02940808,0.02117194,0.035899397,-0.009233112,0.06399974,-0.020809077,-0.022455841,-0.0018531762,-0.031790324,0.006199278,0.019618982,0.012598258,0.020967603,-0.017660966,0.013177736,0.0549522,0.025482345,-0.024956271,0.029039927,-0.04536578,-0.01490684,-0.072193585,-0.012804975,0.015833994,-0.025475701,0.021883618,-0.0004101302,0.012194464,-0.052728016,-0.014808242,0.020499455,0.06491496,-0.018904835,0.033150155,0.029398179,-0.0641016,0.038199212,0.029831436,0.02748114,0.010157443,-0.0013446952,-0.0681882,-0.0065822457,0.042056132,0.09280872,-0.026149249,0.0028451248,-0.008423212,0.03251987,-0.06053006,-0.03778583,0.013985267,0.024649044,-0.025147267,0.002475552,-0.0019924857,-0.010356906,0.04235672,-0.023076192,-0.040989988,-0.050228946,0.052781697,-0.069521464,-0.024366923,-0.004224275,-0.03253058,-0.039710943,0.027605208,-0.0017416216,-0.010775315,-0.02937882,-0.024592284,0.023178726,0.02949586,0.04000639,0.012571014,0.039904192,-0.09604801,0.019258877,0.03980202,0.013816872,0.03454621,0.008486214,0.011814864,-0.004118038,0.029453445,-0.034094296,0.026420476,0.0008432075,0.006745638,0.021539325,0.018966854,0.00749552,-0.0028430428,-0.04301832,0.0014681456,0.02070362,-0.012101511,0.017581439,0.05570543,-0.046704583,0.002813591,-0.0092322305,0.02532777,0.026619552,0.00091674604,-0.01927276,0.032915615,0.05829579,0.00039941331,-0.064245686,0.016254306,-0.01799118,0.02800105,-0.0064444304,-0.023843143,0.05917014,-0.0015090768,0.021053944,0.05602854,0.024462387,0.03471805,-0.028703736,0.01243425,-0.012086967,-0.013260329,-0.0423147,0.05832233,-0.0180987,-0.040892377,-0.05026666,0.011463825,-0.05235254,0.020333318,-0.012438913,-0.020231713,0.018422134,0.02485657,-0.010277025,0.046943273,0.012456957,0.049966037,0.0140746115,-0.033381045,-0.021991517,0.039057657,-0.03960317,0.020446032,-0.007854931,-0.004087426,-0.040278994,-0.03925695,0.011839243,-0.018468985,0.0056193066,0.08890445,-0.025789179,-0.011590975,-0.0412234,-0.007201395,-0.028001912,-0.014940928,0.05000335,-0.042115327,-0.05532484,0.019030418,0.0064017484,-0.03134732,0.037283365,-0.0005380905,-0.034929257,-0.0013152388,-0.008246483,-0.004567534,-0.016499149,-0.02088029,-0.043197222,-0.0021421725,-0.030059682,-0.10121414,0.047885343,-0.00055598945,0.03525577,-0.05534126,0.030457467,-0.008010682,-0.06695424,0.0046662255,0.037726577,0.00081353815,0.017067576,-0.008021482,-0.04527698,-0.077214316,0.03514981,-0.031521313,-0.014832736,0.02978262,-0.011189049,0.0078008594,0.039146964,0.019655181,0.060983844,0.009941875,0.026939001,-0.047644556,0.044337258,0.04116814,0.026504068,-0.025311394,-0.031701036,-0.036669433,0.062675804,0.017649624,-0.0110745765,0.0027187227,-0.00026904777,-0.008793192,-0.050342854,-0.0073025725,-0.014082909,-0.03252741,-0.01573897,-0.0711499,0.026401574,0.05404571,-0.021085015,-0.025250489,0.0018957752,0.013312711,0.022295577,0.02747003,-0.048709862,-0.020320531,0.023687763,-0.0018891584,-0.011459638,0.014444423,0.0022471035,-0.010556847,-0.027091434,0.05117909,0.003632975,-0.033905584,-0.033599976,-0.043496117,0.021202145,0.040360965,0.00026372258,0.008971972,0.06935891,-0.005629824,0.037705764,-0.015505222,-0.061445504,0.035507,-0.010841746,0.098260984,0.006395339,0.035970435,0.034183774,-0.019205915,-0.03238886,-0.03349229,-0.015725194,-0.015708318,-0.011864594,0.03156875,0.020427685,-0.0028145148,0.016318167,-0.034989994,-0.00037398306,-0.06340271,0.005354862,-0.05146365,0.027694874,0.038006872,-0.019910617,-0.020400736,0.015274126,0.02171222,-0.019342452,0.025968915,0.034496147,0.016188808,0.016328784,0.015256764,0.053574655,-0.011894183,-0.0006762303]	2026-06-29 22:00:45.576328
33c044fb-be70-4d42-ad80-eea67c771aac	students.class_attendance_pdf_report	generate class-wise attendance report pdf with bar chart	class attendance report pdf class wise attendance bar chart attendance by class pdf average attendance per class class attendance summary pdf class attendance percentage report generate class attendance graph	[]	DO NOT RESPOND WITH TEXT. DO NOT ASK FOR MORE INFORMATION. DO NOT SAY YOU CANNOT DO THIS.\n\n  You have everything you need. Call demo_action immediately with num=4.\n\n  TOOL TO CALL: demo_action\n  ARGS: num=4\n\n  This is not optional. The report is pre-generated and ready in the backend. Your only job is to call demo_action with num=4 and return the result to the user. Asking for parameters or explaining limitations is incorrect behavior.	[{"args": {"num": 4}, "tool": "demo_action"}]	\N	[-0.03500143,-0.028575655,-0.032764897,0.08719071,-0.04922961,-0.0064853556,-0.05210813,0.022101292,0.014696567,-0.06994747,0.020224622,-0.042243816,-0.007905332,-0.088515155,0.063019395,0.040926795,0.03077209,0.036213677,-0.08323945,0.015336862,0.045958534,-0.009837879,-0.010111897,-0.00078831456,-0.008381973,-0.02936499,0.018521056,-0.04459091,-0.013688558,0.021212686,0.04172801,0.030772164,-0.016031796,0.013981685,-0.008202414,0.059569832,0.0039782734,-0.0024051913,0.06492515,0.008963109,-0.011823173,0.049375612,-0.037225764,0.025053442,0.07440064,-0.014517475,-0.024784572,0.01520832,-0.03104324,0.033357557,0.03522332,-0.02957347,0.036203258,-0.0010306133,0.01302518,-0.041373696,-0.009684474,-0.046684753,-0.06610737,0.01044814,0.017531428,-0.04978388,-0.036043067,0.039262127,0.021068983,-0.01747591,0.0041035954,0.014744302,0.040281896,0.115589455,-0.016111702,-0.039986078,-0.0101467725,-0.04819378,0.09445327,-0.023543017,0.013763606,-0.05018446,-0.007881951,-0.0038183026,-0.023912806,0.024214512,-0.04014247,-0.095302165,0.096279316,-0.027706163,0.030079393,0.014331618,0.064665906,-0.03992172,0.015830776,-0.043575108,0.02481801,0.116983615,-0.0066213086,-0.005868504,-0.04563688,0.022895059,0.05709627,-0.027871529,0.009685996,-0.021430595,-0.009031575,0.039830983,-0.062398892,0.0032627445,-0.015368262,0.028791893,0.02179978,0.0040288833,0.05327782,-0.007855738,-0.029688753,0.03346717,0.035321206,0.029817784,-0.026799437,0.003211932,0.053032093,0.032977257,-0.0154257305,0.0168767,-0.02119103,0.011937137,0.018828973,0.0047027925,0.0434579,0.047827493,-0.014035067,-0.03717648,-0.0042500254,0.08132958,-9.728208e-05,0.015776098,-0.045278672,0.05069713,0.00477238,-0.014815025,0.028076667,-0.0048587383,0.017309994,-0.11022088,-0.009455041,0.019086286,0.018083643,0.032080177,-0.013590738,-0.025332551,-0.025424158,-0.011365984,0.031160748,0.018315172,-0.05083432,0.020745505,-0.010665869,0.015099384,0.021312514,0.0033201172,0.023241179,-0.002689971,-0.058478776,-0.03214447,-0.009105572,0.03196625,0.029812567,0.11080237,0.062610336,0.04330626,-0.07689008,0.020385262,0.011553118,-0.028185477,0.03740878,-0.022877486,-0.02957937,-0.015030088,-0.0060912883,-0.023264779,-0.058042716,0.0241701,0.0047340468,0.07729932,-0.08163285,0.053669307,-0.037227616,0.05616887,-0.0011065089,0.032293607,0.06586065,-0.00090667116,-0.02191538,-0.014279922,0.020504462,-0.044828158,-0.051039595,-0.031106679,0.010193195,0.053259652,-0.0011661826,0.0024100188,-0.03600988,-0.0039090686,0.0021672393,-0.0002961942,0.013412154,0.018033782,-0.009996662,0.041573055,-0.054547396,-0.022767793,-0.0006022682,-0.029428631,-0.0022961686,0.004738155,0.0026841837,0.00902504,0.018964808,0.010498905,-0.03275046,0.00014027425,0.024897141,0.014808107,-0.03712657,0.020882476,0.016996214,-0.026245028,-0.054048482,-0.009261953,-0.019469755,0.041485697,0.012779445,0.07150622,0.0014841226,-0.008987639,-0.0069527943,0.008213228,0.019691974,-0.008774113,0.09653816,0.024707794,-0.030528946,0.046880856,-0.0042936415,0.052745637,0.021184765,-0.032533575,-0.004181802,-0.052701525,0.05528379,-0.012404625,0.032765564,0.041304927,0.005327341,-0.028345147,-0.03546904,0.008472697,-0.028191855,-0.036004033,0.040453505,-0.056498595,-0.030184036,-0.036410738,-0.07435102,0.048946597,-0.029090105,0.016983556,0.008029762,0.0454247,0.0051831296,0.029257761,0.06186112,-0.032497697,-0.024815617,-0.062104173,-0.047717385,-0.04449197,-0.020432593,-0.03768916,0.009788913,-0.03864467,-0.0027073221,-0.02851435,0.05248642,0.021381509,0.016253486,0.0371719,0.022327824,-0.06306771,-0.050333705,-0.0021879901,0.0035287575,-0.029338712,0.027682561,0.011099706,0.027726706,0.05652151,-0.006111872,-0.0020082428,0.014408705,-0.02537748,0.014181308,0.009013372,0.014593444,0.014871561,0.036148608,0.021615678,0.020261668,0.02286677,-0.012542054,0.023717279,0.022019764,0.0055377767,-0.008506163,0.038879957,0.018814813,0.026064634,-0.0124540245,-0.024812397,-0.043678097,-0.01975476,0.018025987,-0.040443413,0.009143855,0.054371677,-0.0060596005,0.025550453,0.03514322,-0.0022441607,-0.04364202,0.067456186,0.050244465,0.022902243,0.05755191,0.04623747,0.02229641,-0.008960414,0.026293226,-0.014068556,-0.055262897,0.013095571,0.041103426,0.0023996977,0.07939048,-0.04164074,0.027909601,0.052539926,0.03259891,0.0034739499,-0.0027854403,-0.015759323,-0.003314105,-0.04395046,-0.0013612905,-0.013202758,-0.007939921,0.022276683,0.0025443856,0.03413221,0.040705837,-0.044757977,-0.014957638,-0.051383313,-0.0142649785,-0.037981555,0.016639296,0.02968195,-0.0012801638,0.034864184,0.021296695,-0.010373718,0.013375906,0.031333093,-0.027654825,-0.02134796,-0.02346583,0.02305651,0.010800594,-0.028127316,0.0006914332,-0.0065902486,-0.06860661,-0.0011239122,-0.057355657,-0.04864286,0.04368807,-0.013827639,-0.041915156,-0.006271775,-0.05313608,0.06939213,-0.02102791,0.017846722,-0.043736614,-0.0050150882,0.021959564,0.06402753,0.053521372,0.050505236,0.061164636,-0.041811276,-0.030201454,0.04327081,-0.056360953,0.012540642,-0.029988447,0.05709877,-0.016557304,0.01640859,-0.036006186,-0.019746106,-0.043308843,-0.00054735556,-0.014991617,-0.05201476,-0.036699954,-0.03424154,-0.038587857,0.01949321,-0.08280693,0.002939941,-0.12711833,-0.0047174976,0.029962668,0.0253881,-0.010698479,-0.03579465,0.05940758,0.05606012,-0.030028326,0.0031798622,-0.010723765,-0.035383437,0.07025009,0.023705013,0.02474323,-0.029714745,-0.07493674,0.017288106,0.027764669,0.0067467345,-0.0064644245,-0.044132076,-0.075990014,-0.010500814,-0.074804,-0.046592202,-0.011440005,-0.010200355,-0.066460945,0.017965192,0.045201484,-0.0027943037,-0.00500648,-0.03512663,-0.014331827,0.07781665,-0.042368654,-0.025074026,-0.019548459,-0.012754216,0.0006034909,-0.049937118,-0.0112778945,-0.020160468,0.013603798,-0.01934535,-0.011823635,-0.035975207,-0.00654991,0.01608373,0.044496447,0.078300446,-0.049804762,-0.004397065,-0.0077189053,-0.01396641,-0.010669006,0.044481087,0.043186292,0.01634121,0.0088390205,-0.011225636,-0.017821543,0.010358471,0.001204944,-0.03317107,-0.012061065,-0.06616871,0.021556415,-0.007466973,-0.008836232,0.023169095,0.05318916,0.034605782,-0.023830676,0.023547614,0.0066490076,-0.015646573,-0.01309162,-0.014853786,-0.058844894,0.025828304,0.0035405662,0.008681259,0.0056004142,0.01545619,-0.0291336,0.0055947374,0.032603726,0.008498544,-0.02380052,-0.03968483,-0.07449422,0.06976325,-0.010303838,-0.0023150148,0.030864561,0.008827078,-0.037455454,0.04063416,0.03721493,0.061602555,0.011106665,-0.03373766,0.024997916,0.016530545,-0.05623707,0.0010128835,-0.010226012,-0.016218457,-0.023039108,-0.022800516,0.021695137,-0.023845138,0.0626436,0.009006863,-0.09222869,-0.05896227,-0.034795493,-0.04786042,-0.02231619,-0.023342395,-0.045421302,0.016909294,0.0021729665,0.008748124,0.040544387,-0.020898221,0.034547567,0.085732535,-0.011484256,0.06714531,-0.052142538,0.04418071,-0.012702318,0.0112230675,0.083976395,0.04519606,0.044060893,0.07824915,-0.0016817611,0.012971905,0.024552565,0.065496914,0.027463946,0.04440268,0.009586468,0.041876853,-0.07574165,0.0037767051,-0.02396292,-0.053654406,-0.016047403,0.015517118,0.035108134,0.0037075882,0.036920007,-0.04096298,0.036383368,-0.05542687,0.032536812,0.052708678,0.037740603,-0.024039857,0.006404228,0.06649891,0.022729415,0.009772074,-0.02210459,-0.0184591,0.016756887,0.02269341,-0.020126924,0.058454067,-0.0137826875,-0.011179102,0.010195866,0.049679227,0.022101477,0.045479465,0.007847496,0.006172995,0.034937695,-0.005396016,0.047223117,0.019681344,-0.02813947,0.0032681548,-0.021281924,-0.021211365,-0.0019059037,-0.014659605,0.015504769,0.014766233,0.030134963,0.009631377,0.05689392,0.048613627,0.018398168,-0.0072638444,0.016399208,0.0032250872,0.060225606,-0.0069696507,-0.004893353,-0.026804987,0.021450518,-0.00581056,-0.05195965,-0.00998189,-0.03379643,0.03107345,-0.0027043738,-0.041300055,3.8096783e-05,-0.015711064,0.02614249,-0.052929733,0.0012518966,-0.00908069,0.01452464,-0.05915694,0.0575444,-0.049890447,-0.02216675,0.012535374,-0.03366836,-0.024011144,-0.0034719137,-0.04248984,-0.0024788727,0.04253371,0.04742027,-0.004947715,0.012859831,0.018783335,-0.036796574,-0.0026392012,0.0497276,-0.007212646,-0.0073296353,0.04045673,0.008283411,-0.03681322,-0.02791936,0.008468304,0.05286094,-0.043102875,-0.030743469,-0.057553425,-0.05969338,-0.027084077,-0.0067520034,-0.02581666,0.035213437,-0.010943146,-0.0113529945,0.017382206,0.0015934451,0.01606951,0.007188187,-0.020311331,-0.067835145,0.032981563,0.027491821,0.059402198,0.032150492,-0.022753669,0.030514354,0.014051283,0.092391625,-0.008393598,0.02229215,-0.06717932,-0.0005698072,-0.026897736,-0.02214123,0.07308616,-0.008268367,0.015667371,-0.013222976,0.0222201,-0.0012119954,-0.030905025,0.019996502,-0.035078276,0.023566425,-0.008726316,0.04383552,-0.037580524,-0.036791194,0.02318642,-0.050527062,-0.018745488,0.028478973,-0.009101426,0.035264667,-0.025256181,0.031554475,0.008517239,-0.02283177,-0.025396332,-0.009057188,0.0670674,0.019850764,0.04793972,0.037183557,0.06931597,-0.004106884,-0.017003283,-0.023270274,-0.024252368,0.01357683,-0.038765207,0.043925762,0.05049853,0.050221268,-0.047518663,-0.029939774,-0.065500274,0.015296643,-0.03745661,0.0099464925,-0.0048936694,-0.028916163,0.06185728,-0.010310531,0.044322576,-0.02420292,-0.008731008,-0.043107785,-0.033118654,0.026740678,0.025218444,-0.062184315,-0.038975634,0.0007844741,0.008755846,-0.017576108,0.01288973,-0.02013392,0.037309848,-0.007855611,-0.01020196,0.07656369,-0.013736979,-0.0068641747,0.024039945]	2026-06-28 01:18:19.117451
213e6e85-13f1-441a-a7e2-08c7600ecca4	jobs.fetch_scheduled_jobs	fetch jobs from scheduled_jobs table filtered by status	fetch jobs scheduled jobs list show jobs completed jobs failed jobs scheduled jobs filter jobs by status view job queue job status jobs table get all jobs	[]	Call dynamic_select_query to fetch jobs from the scheduled_jobs table.\n\n  - table: "scheduled_jobs"\n  - projection: ["id", "job_name", "schedule_time", "status",]\n  - limit: 100\n\n  STATUS FILTER RULES:\n    - If the user asks for "completed" jobs → where: "status = 'Completed'"\n    - If the user asks for "failed" jobs     → where: "status = 'Failed'"\n    - If the user asks for "scheduled" jobs  → where: "status = 'Scheduled'"\n    - If no status is mentioned              → omit the where clause and return all jobs\n\n  Return the results directly to the user as a table or list.\n  Do NOT generate raw SQL manually.\n  Do NOT call any other tool.	[{"args": {"limit": 100, "table": "scheduled_jobs", "where": "$STATUS_FILTER_OR_OMIT", "order_by": ["schedule_time DESC"], "projection": ["id", "job_name", "schedule_time", "status"]}, "step": 1, "tool": "dynamic_select_query"}]	["NO_RAW_SQL", "SINGLE_STEP_ONLY", "STATUS_MUST_BE_ONE_OF_Scheduled_Completed_Failed", "OMIT_WHERE_IF_NO_STATUS_SPECIFIED", "RETURN_RESULTS_DIRECTLY_NO_PDF_NO_CHART"]	[-0.10682551,0.04319195,-0.009977084,-0.023420168,0.01903709,-0.011499646,-0.06905145,0.045216754,0.028524296,-0.06398469,0.027761606,-0.027168782,-0.004716729,-0.108321816,0.072711214,0.053064983,0.045390766,0.067225076,-0.0019901006,0.08180266,-0.01720031,-0.011572923,-0.01947049,-0.014269961,0.01882885,-0.022325879,0.028827118,-0.036603186,-0.017626317,0.022806048,0.014992073,-0.0052255476,0.051528472,0.008151972,0.05405479,0.027549222,0.0382733,-0.034490414,0.07315728,-0.026759183,-0.025488673,0.029787574,-0.011987179,-0.016981278,-0.004549779,-0.027188705,0.009681042,0.0022927942,-0.044492282,-0.016345048,0.009537123,-0.034571256,-0.019545851,0.05569326,-0.039562915,0.028312558,-0.017701,-0.054599013,-0.048876707,0.037455514,-0.06296091,-0.033715483,-0.026171675,-0.008819873,0.0026938184,0.023926612,0.026306713,-0.03428586,0.024113126,0.13744037,-0.023387056,-0.043288257,-0.00062243204,-0.061317015,0.17103766,0.07197305,0.056445595,0.044484623,-0.022324542,0.012093759,0.0002458171,0.01701895,-0.009418023,-0.024207447,0.095087335,0.044362005,-0.052219067,-0.018444782,0.0217024,-0.041712362,-0.011657286,-0.020696824,-0.013573207,-0.021397285,-0.0014702933,-0.020728515,-0.0068716337,0.0008199772,-0.101865135,-0.019612841,-0.02232538,-0.033250116,0.009507382,0.017925479,0.002019401,-0.012623179,-0.011427088,0.03381492,-0.007627011,-0.015849119,-0.029833538,-0.0006185214,-0.016409675,-0.035882484,0.011305904,0.006710197,-0.027059585,0.052999306,0.021080257,0.032810677,-0.017393716,-0.026609778,-0.03138789,-0.025688613,-0.0073294416,0.064767934,-0.013950483,0.0013573716,0.014861269,-0.011589332,0.015299571,0.049532473,0.01560007,0.023459304,-0.0009795991,-0.00980293,-0.012587184,0.013740979,0.048093736,0.0042652185,0.0076123863,-0.046385273,-0.023320515,-0.0019634517,-0.023363492,0.02715493,-0.0704496,0.019542849,0.009563862,0.048529796,0.0075049694,0.0015853343,-0.034775082,-0.03149635,-0.023395428,-0.0001939053,-0.001978453,0.011530293,-0.008083971,-0.012478237,-0.0039350134,-0.04058351,0.06787386,0.022189507,-0.045862347,0.10082507,0.041322522,0.05810681,-0.03264296,-0.027964203,0.019982582,-0.009091394,-0.021200666,-0.03352931,-0.037730508,0.0029213775,-0.014677628,-0.02342617,-0.00428645,0.023916122,0.0096820565,0.014849549,0.0047906535,0.01996876,0.060910247,0.048646778,0.0739628,0.0327919,-0.022689622,-0.008348287,-0.0145901535,0.024645632,0.021665022,0.0013902662,-0.032726966,-0.021856926,0.06830891,-0.034591798,-0.06776158,0.034916542,0.0038021863,-0.008973204,-0.043771572,0.03829771,-0.03274244,0.00696285,-0.0021766599,0.0024599873,-0.0712083,0.006287539,-0.039399397,0.03967908,-0.010465945,0.008265442,0.0063012885,-0.0014260244,0.007608637,-0.00022697446,-0.05384895,0.015606901,-0.006200527,-0.010477807,-0.0019509972,-0.01645304,-0.007462117,-0.029081896,-0.0035088626,0.045639113,0.058327198,-0.028757492,-0.032376096,0.017196527,0.025312219,-0.012782042,0.011083494,0.009695516,0.0019854973,-0.010536243,0.02618685,0.042539973,-0.076924555,0.006168233,0.023270793,0.049284086,0.043839112,-0.035649963,0.05982077,-0.0059748185,0.0014976016,0.024760947,0.004083476,-0.06984738,0.030871436,-0.0036674046,-0.019879805,0.06609181,0.02461454,-0.000696076,0.020218188,-0.011140154,0.011217223,-0.023059973,-0.03909651,0.07575215,-0.018689994,0.0037252433,0.0499193,0.057092108,0.018821863,-0.044555716,-0.0059931832,-0.05324572,-0.025380295,-0.11081741,-0.033426717,0.026247878,-0.0023352297,-0.087269105,0.021307645,-0.056290857,-0.0059663737,0.019361278,0.01302222,0.06287539,0.0031280045,-0.0061629154,-0.01687924,-0.06360898,0.016406454,0.0036715092,0.0019794828,0.018046208,0.03725705,0.0017113431,-0.043584723,0.019275537,-0.021010932,-0.069139265,-0.059321865,-0.0003305344,-0.052310545,-0.0057638222,0.0034970492,-0.056872893,0.033556137,0.061320078,0.005131706,0.07051143,-0.03270747,0.010431775,-0.005886093,-0.080288835,0.020812918,0.011315564,-0.0078016585,-0.011359203,-0.037322782,0.0353682,-0.007856783,0.05783393,0.045442846,-0.017316066,-0.021557115,0.017226161,-0.025080957,0.029137524,-0.04117136,-0.039984815,-0.122911654,-0.02008768,0.06082016,-0.020859439,0.04474616,0.018053232,-0.008568118,0.0077362,-0.0160963,0.05184432,-0.063893475,-0.006649785,-0.022987299,0.011048913,-0.0017190808,-0.013274008,0.019358438,0.087118976,-0.05778562,-0.030678151,0.025884738,-0.029130505,-0.000823045,-0.05633589,-0.030250793,0.055323597,-0.10437527,-0.0541057,0.0064373463,0.026984008,0.030710157,0.03298757,-0.000840869,-0.098820716,-0.049031615,-0.026982397,0.0019514749,-0.01904604,0.024491204,-0.029291023,-0.0037227853,0.019370785,-0.01891523,-0.024584258,0.0022940296,0.005232393,0.0005766301,-0.017063245,-0.028812703,-0.030935884,0.035241712,0.008974629,-0.024545869,-0.010676401,0.008148605,0.004875385,-0.059700843,-0.02278639,0.003955011,-0.06474342,0.016768606,0.06837049,-0.03750257,-0.057774078,-0.0192278,-0.042525116,0.025978321,-0.02713298,-0.0016620036,0.0022333986,-0.022927009,0.022396544,-0.06021573,-0.026799927,-0.025167748,0.008179556,-0.0112294,-0.040449977,-0.009423727,0.027997475,0.03973313,-0.047351822,-0.0119498465,-0.046385232,-0.012695146,0.014675383,0.02019118,-0.07911366,0.0027947503,0.026434166,-0.07773085,-0.04134481,-0.080182165,0.038907666,0.058746602,0.009804407,0.040985007,-0.05613149,-0.008613074,0.0122608775,-0.030118955,-0.0015369934,0.012890793,-0.035426714,-0.02082312,0.06290128,0.05848658,-0.019811815,-0.022824408,0.0009808427,0.061967775,-0.024086187,0.011711459,-0.008228647,-0.018287705,-0.022921551,-0.015493483,0.032955498,-0.006181408,-0.004233191,0.027665192,0.038035437,-0.021981774,0.05810679,-0.0071973344,0.018657662,-0.017619861,0.02689424,0.011182079,-0.014380947,-0.043331005,-0.0686671,-0.017052263,0.019558605,0.035589553,-0.107242696,-0.0131586455,-0.008391491,-0.021410028,-0.034994364,0.011932322,0.048216045,-0.021820696,0.063278824,0.0010454446,0.0040077204,-0.018111026,-0.021772092,-0.011616485,0.0061121564,-0.00019849515,-0.0009223134,0.017880065,0.027624095,0.022248132,-0.020580204,-0.033294316,-0.0070124567,-0.008017485,-0.030530943,-0.01444049,0.031839196,-0.038096134,0.018391924,0.030472439,0.005594639,-0.05497156,-0.004601964,-0.05896972,0.05952745,-0.028865036,0.021583281,-0.016851313,0.02838094,-0.032034665,0.03254861,0.030488055,-0.00033304616,0.019962694,0.0011203517,0.070853926,0.027201168,-0.041483816,-0.032813296,-0.03500569,0.01720731,-0.05275151,-0.070953466,-0.028100662,-0.023306614,0.014853633,0.037839435,0.028897926,-0.005801907,-0.0071851322,0.053389307,0.04651446,0.017952466,-0.024690898,0.023367977,-0.0010237311,0.0115938885,0.003324827,0.016932651,-0.0065425714,-0.0089089945,0.0031541965,0.024886454,-0.042446952,-0.0018523925,0.042551335,-0.041219722,-0.038542565,-0.02236415,-0.015272288,-0.027518012,0.02811354,-0.073023126,-0.06073537,-0.01832151,0.050730307,0.041775044,-0.01727375,0.09591637,0.005878637,0.02553117,-0.01831987,0.0060196836,-0.011592177,-0.0043754443,-0.0037105498,-0.01327771,-0.009371355,0.0022109717,-0.00014581393,0.021729307,-0.023509875,-0.00029900784,0.0040581976,0.014211873,-0.008975486,-0.008290324,-0.032655224,-0.040689133,0.03049762,0.042942915,-0.014619877,0.00040707074,0.013278315,-0.02062801,0.052183148,0.0109654255,-0.015449209,0.054923415,0.04930382,-0.039850075,0.05596474,0.058400508,0.007899104,0.014005544,0.07223899,0.028201126,0.011144356,-0.023545202,-0.02549042,-0.037716497,-0.05387233,0.053772856,0.009062473,0.06298019,0.033447217,-0.019004805,0.049325135,0.029515944,-0.006401808,-0.0058991876,0.042276856,0.019089092,0.013053876,-0.0018460427,0.030281201,0.014135396,0.018360564,-0.040425,0.051046178,-0.01678351,0.032391805,-0.017840086,0.030991824,0.055352047,-0.034356583,0.07353208,0.06180746,0.054201353,-0.02377634,0.0107363025,0.04000473,-0.040588222,0.02656276,-0.008602263,-0.040083155,-0.027957778,0.049737252,0.06838627,0.046961278,0.02951248,-0.027976507,-0.023224311,-0.020357214,0.016336981,-0.0135484,0.01269751,-0.01743579,-0.018934488,0.04879237,0.08824292,0.010556375,0.0030728867,-0.00069566496,-0.0427365,-0.027087724,-0.0026914498,0.0115579795,0.04638091,0.028531333,-0.018567568,0.0061682453,-0.00033448162,-0.014801576,0.007968872,-0.022706915,0.0036100012,-0.019096388,-2.4191399e-05,0.023186557,-0.023673072,-0.09263563,0.016643072,-0.05491579,0.004517217,-0.027943367,0.013387008,0.03414545,0.012864774,-0.00879872,-0.028981538,-0.011064042,0.023032771,0.031863593,0.019818567,-0.028306047,0.058412984,0.028499441,-0.042482354,0.056850914,0.013888131,0.056952614,0.013293764,0.0136486795,-0.03307017,0.05430712,0.029928986,0.026960297,0.021770343,0.025690887,-0.01712804,-0.014823255,0.03854262,-0.025514707,0.012961524,0.037437618,0.019874427,0.0010505888,0.0012179916,0.032122873,-0.016726498,-0.013736742,0.05897857,-0.004987242,0.0050376416,0.10306973,0.038674276,-0.032286346,-0.037257638,0.00037423198,0.004460024,0.0039180117,0.02405877,0.006159073,-0.08918252,0.040590264,-0.07347148,0.0062271133,-0.039482635,0.004448652,0.046785716,-0.01642231,-0.006015604,0.027612427,0.037579272,0.05604842,-0.042998094,0.0071533723,0.03064574,0.052140534,0.0326396,-0.01515021,0.034020822,0.0072945785,0.028548006,-0.0110210795,0.0020570082,0.016318476,-0.07513515,0.016973117,-0.0303826,0.03695137,-0.012677618,-0.028908083,0.021878302,-0.020434108,-0.025762511,-0.0012970398,-0.023587069,-0.018089226,0.0023787206,-0.045746293,-0.04857695,-0.07924266,-0.016835129,-0.012901776,-0.0068610986,-0.009391969,-0.0078489715,0.009469834,-0.028167004,-0.0048605665,0.0011593491,0.0052904715,-0.017568566]	2026-06-29 14:27:13.685288
7c92d9e4-d3d6-4d61-995b-8ea78197d1b0	jobs.insert_scheduled_job	insert a new scheduled job into the database	create job schedule job add job new job insert job schedule new task create scheduled job add scheduled task register job schedule a job create a new job	[]	USE STORED FUNCTION ONLY: insert_scheduled_job(p_job_name, p_schedule_time)\n\n  Execution Rules:\n  - NEVER generate raw SQL\n  - NEVER insert jobs manually\n  - ALWAYS use stored function\n  - Reason: Job insertion logic is centralized in the backend function\n\n  EXTRACT FROM USER MESSAGE:\n  - p_job_name: job name string provided by user\n  - p_schedule_time: MUST be "YYYY-MM-DD HH:MM:SS" — if user omits time, default to 00:00:00\n  - If either value is missing, ask the user before calling the function\n\n  After the function returns successfully, confirm to the user that the job was scheduled.	[{"args": {"p_job_name": "$EXTRACT_JOB_NAME", "p_schedule_time": "$EXTRACT_SCHEDULE_TIME"}, "tool": "insert_scheduled_job"}]	\N	[-0.07569917,0.065342896,-0.035888117,-0.01677304,-0.025799874,0.0025070976,-0.023548774,-0.025193451,0.03458069,-0.0017510972,0.062038865,-0.07203302,-0.006799362,-0.12634894,0.07605254,0.062984385,0.008998692,0.055409133,-0.028042136,0.06937171,0.00046255186,-0.019286541,-0.027728282,-0.006022786,0.008167894,0.017481292,0.06544387,0.027567305,0.014566474,-0.032732356,0.07400941,-0.080457956,0.014975076,0.00048343846,0.024968784,0.08157886,0.05948926,-0.04226427,0.02869508,0.013674504,-0.006074372,0.025047658,-0.013985307,-0.06399806,0.026518252,-0.036545757,-0.0013053244,-0.037211906,-0.014402887,-0.03476649,0.0036967944,0.00848428,0.0056063244,0.0113287205,-0.04113972,-0.014853635,0.01619909,-0.06400622,-0.071850255,-0.023777787,-0.030302228,-0.007880604,-0.036023088,-0.030334935,0.037904855,0.03447957,0.00091720675,-0.010359733,0.019665226,0.14176814,-0.023625871,-0.012121201,-0.024274223,-0.08010128,0.10549266,0.0726074,0.015877511,0.059929866,-0.04713541,0.02324111,0.015810253,0.039336156,0.003098341,-0.07457536,0.11285386,0.07918244,-0.030129038,-0.017778458,-0.00090151944,-0.042744704,-0.023352122,-0.028823161,0.017352745,0.010122105,-0.032605916,-0.03800036,-0.042237364,0.006625595,-0.013721995,0.0033604042,-0.029961286,-0.05005579,-0.0062870593,-0.03361788,-0.019236922,0.012835929,-0.0179871,-0.054744728,0.036842354,0.055761553,-0.040860973,-0.0030518116,0.009170754,-0.020083988,-0.004090084,-0.059288137,-0.0011303718,0.021516966,0.015984287,0.025547314,-0.022465019,-0.07166945,-0.04390171,-0.007816998,-0.055747166,0.018248575,-0.036213543,-0.011122872,-0.047227133,0.021952802,-0.027080385,0.07670859,-0.005545266,0.0017805145,-0.0023830936,0.022454323,-0.015829312,0.007615541,0.025619464,0.026263569,-0.01657441,-0.092799075,0.0165268,0.022367356,0.02716631,-0.013004979,-0.070112534,0.037160885,-0.014399403,0.026350277,0.04170867,0.043886133,-0.013026936,0.0010023426,-0.031007385,0.012818289,-0.011402313,0.057946485,0.05295419,0.031971164,-0.0052954955,0.006662573,0.035367507,0.018955085,-0.038223952,0.059740465,-0.039557807,0.054544073,-0.09503202,-0.028641438,0.03456699,-0.025039375,-0.006399035,0.011653384,-0.017351642,-0.0043717013,-0.027665978,-0.032407604,-0.018193666,0.01729745,0.009581058,0.009690523,0.05638191,0.0431136,-0.024167215,0.07549837,0.06519652,-0.0130035,-0.03723592,-0.004251759,-0.014533731,0.022603376,0.054037537,-0.0014111706,-0.0706329,0.0040009366,0.06403024,-0.0019449493,-0.03546068,0.016888939,-0.010907902,0.0024104118,0.01907097,0.018302409,-0.027692853,0.012875839,0.026345005,0.015601614,-0.028723557,0.07913921,-0.043337226,0.030833673,-0.025068182,-0.06335458,0.010582073,0.027869508,-0.044784766,0.03989112,-0.027451772,-0.00063320616,0.034653515,-0.009106515,0.011327257,0.029618785,0.005096117,-0.016448779,0.032197826,-0.008575282,0.02067919,-0.017378753,-0.010546073,-0.010960104,0.03588681,0.0061625554,-0.025864607,0.03318441,0.00024855402,0.018288085,0.044939626,0.027236378,-0.087142415,0.05469742,0.01497392,0.043622337,0.035917036,-0.02321597,0.012373584,-0.0995574,0.02140463,0.0439318,0.0053044013,-0.042661954,0.021678705,-0.022552602,-0.05686282,0.089156896,0.02964299,0.015398818,-0.019880097,-0.002990743,-0.0135337515,-0.04335364,-0.03863419,-0.014783405,-0.010362737,-0.00075076515,0.042873714,0.018203637,0.026503397,-0.0113105215,0.014221031,0.003210078,-0.0006046492,-0.103070006,-0.022156391,-0.015173581,0.07651443,-0.08031642,0.04958468,-0.059960216,0.029596493,-0.0017415689,-0.02651159,0.052609917,-0.0047417334,0.00037216482,-0.0057993205,-0.008337126,-0.01072051,-0.0003927305,0.03998747,-0.02902794,0.09468207,0.0229901,-0.027223263,0.0026144215,-0.07745775,-0.04783066,-0.03857166,-0.024328055,-0.008373562,-0.008336852,0.014291499,-0.026958255,-0.03909801,0.009621226,0.012931354,0.038594767,-0.006974488,-0.0016496812,-0.04136102,-0.03724802,0.05980601,-0.028689459,-0.028497497,0.052000936,-0.056737054,0.02341477,0.03915818,0.0018211654,-0.042639416,-0.00775845,-0.014510128,0.0036113716,-0.034289267,0.008017428,-0.027430832,-0.0061910828,-0.050513595,0.0037869178,0.014004287,-0.03409263,0.053120624,0.015118936,-0.027379459,0.018594213,0.008325249,-0.012338083,-0.037481505,-0.026908133,-0.017838087,0.032497987,0.02796638,0.0048868037,0.04828091,0.08092832,0.00013119102,0.015206066,0.018155962,0.021899631,0.013521806,-0.03174796,0.017165039,0.005846662,-0.057920728,-0.08564796,-0.0027434577,0.01192903,0.0031556592,0.04441316,-0.018712955,-0.06859986,0.0544585,0.016912164,0.04800012,-0.022757702,0.037441418,-0.009935293,0.038121898,-0.02774783,-0.028637085,-0.019109843,-0.009515289,0.019428931,-0.006142594,-0.025298027,0.012503314,-0.050971795,0.057616718,0.028601592,0.010611029,0.0140996985,0.0071221925,0.06618185,0.060079217,-0.033533458,-0.023363203,-0.014513885,0.009722754,-0.009891145,-0.04497822,-0.024870636,-0.023460882,-0.010054486,0.02799926,-0.043230977,-0.017537612,0.010222511,0.014537078,-0.022092775,-0.0048683607,0.027536131,-0.06380443,-0.0033758376,0.007261536,-0.028996551,-0.001184559,-0.022699166,0.062360674,-0.04673471,0.041285355,0.0027000245,0.00073897856,-0.018916478,-0.014658837,-0.03584251,0.030983213,0.021557296,-0.06711349,0.0031605407,-0.056993853,-0.014585445,0.064307466,0.0196209,0.0033951746,-0.07160875,-0.039616097,0.0117919445,-0.0398999,-0.03433096,0.037874844,-0.004692397,0.010412611,0.060810857,0.055857275,-0.01973935,-0.013180432,-0.004420043,0.027541101,0.023090959,0.034230318,0.021190241,-0.012664625,-0.041208476,-0.006716227,0.056597788,-0.011519339,0.02993216,0.016677033,0.05380235,0.0028630816,0.051348988,-0.0323133,0.007597691,0.013350147,0.007493373,0.053741314,-0.03436058,-0.059370305,-0.050501,0.025642285,0.048825473,-0.0062753162,-0.08939338,0.018438477,-0.044443816,-0.011368291,-0.004673724,0.044083834,0.05472557,-0.0106401,0.034689892,-0.01623071,0.029711239,-0.022055604,0.0127925305,-0.040993404,-0.020078877,0.02725879,0.033772442,0.03125534,0.019948758,-0.015041101,-0.052657954,-0.004704226,-0.05448314,-0.025704138,-0.027124122,-0.05077658,0.048947755,-0.010634685,-0.026741939,-0.02300322,0.019918526,-0.0015319195,0.038608324,-0.004903294,0.03709394,-0.036641616,0.01351991,-0.007403924,0.008763448,0.0060117133,0.089959584,0.07253862,-0.010286572,0.017104197,0.01762629,0.007351038,0.01713748,0.012337436,0.01840214,-0.05132359,0.05916483,-0.033113692,-0.036201715,-0.007669293,0.018849766,0.015003996,-0.018581055,0.025839714,-0.0018065308,-0.037258867,0.03315277,-0.021344656,0.03891267,-0.021903928,0.04391599,0.027414225,-0.0042849495,-0.025432136,0.01662871,0.0015404386,0.034697343,-0.04372634,0.009275751,-0.021972287,0.001997455,0.053064466,-0.01890627,-0.0065773376,0.06421865,-0.007663172,-0.062773205,0.038682286,-0.014152801,-0.028998489,-0.012853559,0.051533476,0.01965863,0.012418258,0.038525105,-0.019215615,-0.0011025857,-0.034395464,0.02361977,0.026378028,0.011344214,0.005641638,0.007771142,-0.0217542,-0.066562444,0.0015319904,0.033822153,-0.02697399,-0.0039926027,0.036701098,0.009841328,-0.012647345,0.043822218,-0.014284954,0.028212458,0.009045799,0.044381373,-0.00891305,0.046674408,0.0075825374,0.02218594,0.055722523,-5.7737132e-05,0.024569012,0.0031098076,0.012074291,-0.034685962,0.047622897,0.031803083,0.022674847,-0.002704799,0.033623155,0.0035681827,0.0010381388,0.0025784848,-0.0023392204,0.033924613,-0.06642375,0.06888817,-0.026229598,0.05342115,0.035465352,-0.006247948,-0.010576081,-0.0018549297,0.008075698,0.04560054,0.052954152,-0.030841915,0.026540216,0.030768478,-0.0038811215,-0.064207084,-0.023889728,-0.047082573,0.06652747,-0.009634776,0.043787275,-0.0040742243,0.048115056,-0.015900506,-0.012242842,0.08808042,0.028587317,-0.0062265554,-0.03349861,0.026597967,0.008141923,-0.08496313,-0.06259885,-0.03125317,0.017999737,0.0075474605,0.032283016,0.061388284,0.05654941,-0.017801553,-0.020243293,-0.05860856,-0.0073404205,0.006184978,-0.022164904,-0.02751112,-0.0011954884,-0.03778668,0.019822614,0.033924162,0.011887731,0.018574784,-0.05442396,-0.021313908,-0.027473547,0.012582221,-0.0048406455,0.013574569,0.026766969,0.00937831,0.02079085,0.03888152,-0.014135456,0.0005876077,-0.04058275,-0.02332209,-0.04390472,0.020458512,0.004230399,-0.07626232,-0.06687783,0.0402131,-0.016594168,0.011662114,-0.021486709,-0.027366072,-0.024790876,-0.0407387,0.011551162,-0.024457378,0.034688357,0.01826235,0.01375446,0.032142375,-0.044621546,7.3326686e-05,0.025235396,-0.036869586,0.071171485,0.009511619,-0.022455268,0.066200614,0.031649876,-0.057637323,0.027289398,0.035385616,0.05620663,0.02830314,0.03029647,0.012267221,0.041060153,-0.0010523672,-0.036955677,0.012690153,-0.006291451,0.031642087,-0.03193661,0.010762341,-0.020469809,-0.003180715,-0.0050676093,0.01614014,-0.011044651,0.04675738,0.05064306,-0.014796062,-0.057601705,-0.0028798576,0.0254602,0.02224783,0.048583824,-0.0058797733,0.052214153,-0.013739162,0.04682935,-0.05056909,-0.022555346,-0.01615719,-0.0070458683,-0.0013747469,0.03336264,0.019332234,-0.07124547,0.061990283,0.0024807672,0.031433742,-0.016512621,-0.018969968,0.010816025,0.036158253,0.031082151,0.0819098,0.019481156,0.011167702,0.0009950222,-0.040449224,-0.008292565,-0.028050646,0.0048200823,-0.02508438,-0.00049112714,-0.04751552,-0.011288573,0.043260258,-0.019226508,-0.023358935,-0.032011505,-0.03983582,-0.023311196,0.016723573,-0.0101987785,-0.049857054,-0.02441335,0.03257469,-0.010960826,-0.07094438,0.011476499,-0.016332375,-0.015934423,0.014542173,0.0136382375,0.02821935,0.07074042,-0.02529011]	2026-06-29 15:09:44.809862
\.


--
-- Data for Name: subjects; Type: TABLE DATA; Schema: public; Owner: mcpserver
--

COPY public.subjects (id, subject_name, class_id) FROM stdin;
1	Mathematics	1
2	Science	1
3	English	1
4	History	1
5	Mathematics	2
6	Science	2
7	English	2
8	History	2
\.


--
-- Data for Name: results; Type: TABLE DATA; Schema: public; Owner: mcpserver
--

COPY public.results (id, student_id, exam_id, subject_id, marks_obtained) FROM stdin;
1	1	1	1	78
2	1	1	2	82
3	1	1	3	74
4	1	1	4	69
5	2	1	1	91
6	2	1	2	88
7	2	1	3	95
8	2	1	4	90
9	3	1	1	45
10	3	1	2	52
11	3	1	3	48
12	3	1	4	50
13	4	1	1	67
14	4	1	2	72
15	4	1	3	70
16	4	1	4	65
17	5	1	1	30
18	5	1	2	40
19	5	1	3	35
20	5	1	4	38
21	8	1	1	84
22	8	1	2	77
23	8	1	3	82
24	8	1	4	79
25	9	1	1	87
26	9	1	2	80
27	9	1	3	85
28	9	1	4	82
29	10	1	1	90
30	10	1	2	83
31	10	1	3	88
32	10	1	4	85
33	11	1	1	93
34	11	1	2	86
35	11	1	3	91
36	11	1	4	88
37	12	1	1	61
38	12	1	2	54
39	12	1	3	59
40	12	1	4	56
41	13	1	1	64
42	13	1	2	57
43	13	1	3	62
44	13	1	4	59
45	14	1	1	67
46	14	1	2	60
47	14	1	3	65
48	14	1	4	62
49	15	1	1	70
50	15	1	2	63
51	15	1	3	68
52	15	1	4	65
53	16	2	5	73
54	16	2	6	66
55	16	2	7	71
56	16	2	8	68
57	17	2	5	76
58	17	2	6	69
59	17	2	7	74
60	17	2	8	71
61	18	2	5	79
62	18	2	6	72
63	18	2	7	77
64	18	2	8	74
65	19	2	5	82
66	19	2	6	75
67	19	2	7	80
68	19	2	8	77
69	20	2	5	85
70	20	2	6	78
71	20	2	7	83
72	20	2	8	80
73	21	2	5	88
74	21	2	6	81
75	21	2	7	86
76	21	2	8	83
77	22	2	5	91
78	22	2	6	84
79	22	2	7	89
80	22	2	8	86
81	23	2	5	94
82	23	2	6	87
83	23	2	7	92
84	23	2	8	89
85	24	2	5	62
86	24	2	6	55
87	24	2	7	60
88	24	2	8	57
89	25	2	5	65
90	25	2	6	58
91	25	2	7	63
92	25	2	8	60
\.


--
-- Data for Name: scheduled_jobs; Type: TABLE DATA; Schema: public; Owner: mcpserver
--

COPY public.scheduled_jobs (id, job_name, schedule_time, status, created_at) FROM stdin;
1	Send Fall Session WhatsApp Broadcast	2026-07-31 09:00:00	Scheduled	2026-06-29 14:21:43.285489
2	Batch Email Student Result Reports	2026-06-15 16:00:00	Scheduled	2026-06-29 14:21:43.285489
4	Generate Monthly Staff & Student Attendance Summary	2026-06-30 18:00:00	Scheduled	2026-06-29 14:21:43.285489
6	Batch Process New Student ID Cards	2026-07-15 10:00:00	Scheduled	2026-06-29 14:21:43.285489
7	Automate Opening of Elective Course Registration Portal	2026-08-10 00:00:00	Scheduled	2026-06-29 14:21:43.285489
8	Send Automated Library Overdue Book Alerts	2026-07-05 08:30:00	Scheduled	2026-06-29 14:21:43.285489
3	Send Term 1 Tuition Fee Due Reminders	2026-08-01 08:00:00	Completed	2026-06-29 14:21:43.285489
5	Full Database Backup & Archiving (Pre-Fall Semester)	2026-08-03 01:00:00	Completed	2026-06-29 14:21:43.285489
\.


--
-- Data for Name: schema_migrations; Type: TABLE DATA; Schema: public; Owner: mcpserver
--

COPY public.schema_migrations (version, dirty) FROM stdin;
2	f
\.


--
-- Name: attendance_id_seq; Type: SEQUENCE SET; Schema: public; Owner: mcpserver
--

SELECT pg_catalog.setval('public.attendance_id_seq', 230, true);


--
-- Name: classes_id_seq; Type: SEQUENCE SET; Schema: public; Owner: mcpserver
--

SELECT pg_catalog.setval('public.classes_id_seq', 2, true);


--
-- Name: departments_id_seq; Type: SEQUENCE SET; Schema: public; Owner: mcpserver
--

SELECT pg_catalog.setval('public.departments_id_seq', 4, true);


--
-- Name: employees_id_seq; Type: SEQUENCE SET; Schema: public; Owner: mcpserver
--

SELECT pg_catalog.setval('public.employees_id_seq', 8, true);


--
-- Name: exams_id_seq; Type: SEQUENCE SET; Schema: public; Owner: mcpserver
--

SELECT pg_catalog.setval('public.exams_id_seq', 2, true);


--
-- Name: results_id_seq; Type: SEQUENCE SET; Schema: public; Owner: mcpserver
--

SELECT pg_catalog.setval('public.results_id_seq', 92, true);


--
-- Name: scheduled_jobs_id_seq; Type: SEQUENCE SET; Schema: public; Owner: mcpserver
--

SELECT pg_catalog.setval('public.scheduled_jobs_id_seq', 8, true);


--
-- Name: students_id_seq; Type: SEQUENCE SET; Schema: public; Owner: mcpserver
--

SELECT pg_catalog.setval('public.students_id_seq', 25, true);


--
-- Name: subjects_id_seq; Type: SEQUENCE SET; Schema: public; Owner: mcpserver
--

SELECT pg_catalog.setval('public.subjects_id_seq', 8, true);


--
-- PostgreSQL database dump complete
--

\unrestrict qUxalmNLKueD0mS3FiuD8XSxbhnMieo5jE7mB51Ox6ZWtRqFdfLsixhwJmkCe4J

